subject_id,session_id,window_mid,pred_score_raw,pred_score_ema,risk_band,alert_high,task_block
1,1,2021-08-19 10:53:57.500000+00:00,13.924883,13.924883,Low,0,baseline
1,1,2021-08-19 10:54:12.500000+00:00,13.868964,13.908107,Low,0,baseline
1,1,2021-08-19 10:54:27.500000+00:00,14.115235,13.970245,Low,0,baseline
1,1,2021-08-19 10:54:42.500000+00:00,13.99277,13.977003,Low,0,baseline
1,1,2021-08-19 10:54:57.500000+00:00,14.417805,14.109243,Low,0,baseline
1,1,2021-08-19 10:55:12.500000+00:00,14.309489,14.169317,Low,0,baseline
1,1,2021-08-19 10:55:27.500000+00:00,14.210095,14.181551,Low,0,baseline
1,1,2021-08-19 10:55:42.500000+00:00,13.976133,14.119926,Low,0,baseline
1,1,2021-08-19 10:55:57.500000+00:00,14.238605,14.15553,Low,0,baseline
1,1,2021-08-19 10:56:12.500000+00:00,14.244544,14.182234,Low,0,baseline
1,1,2021-08-19 10:56:27.500000+00:00,14.291144,14.214907,Low,0,baseline
1,1,2021-08-19 10:56:42.500000+00:00,14.10559,14.182112,Low,0,baseline
1,1,2021-08-19 10:56:57.500000+00:00,14.473415,14.269503,Low,0,baseline
1,1,2021-08-19 10:57:12.500000+00:00,14.066676,14.208654,Low,0,baseline
1,1,2021-08-19 10:57:27.500000+00:00,14.07218,14.167712,Low,0,baseline
1,1,2021-08-19 10:57:42.500000+00:00,14.251409,14.1928215,Low,0,baseline
1,1,2021-08-19 10:57:57.500000+00:00,13.942231,14.117644,Low,0,baseline
1,1,2021-08-19 10:58:12.500000+00:00,14.491953,14.229937,Low,0,baseline
1,1,2021-08-19 10:58:27.500000+00:00,14.527813,14.3193,Low,0,crt
1,1,2021-08-19 10:58:42.500000+00:00,14.209467,14.28635,Low,0,crt
1,1,2021-08-19 10:58:57.500000+00:00,14.729968,14.4194355,Low,0,crt
1,1,2021-08-19 10:59:12.500000+00:00,14.390452,14.410741,Low,0,crt
1,1,2021-08-19 10:59:27.500000+00:00,14.186721,14.343534,Low,0,crt
1,1,2021-08-19 10:59:42.500000+00:00,14.033191,14.250431,Low,0,crt
1,1,2021-08-19 10:59:57.500000+00:00,14.781333,14.409702,Low,0,crt
1,1,2021-08-19 11:00:12.500000+00:00,14.1982155,14.346256,Low,0,nback
1,1,2021-08-19 11:00:27.500000+00:00,14.133751,14.282505,Low,0,nback
1,1,2021-08-19 11:00:42.500000+00:00,14.1421585,14.2404,Low,0,nback
1,1,2021-08-19 11:00:57.500000+00:00,11.119986,13.3042755,Low,0,nback
1,1,2021-08-19 11:01:12.500000+00:00,11.426383,12.740908,Low,0,nback
1,1,2021-08-19 11:01:27.500000+00:00,12.679967,12.722626,Low,0,nback
1,1,2021-08-19 11:01:42.500000+00:00,11.630859,12.395096,Low,0,nback
1,1,2021-08-19 11:01:57.500000+00:00,11.29024,12.06364,Low,0,nback
1,1,2021-08-19 11:02:12.500000+00:00,10.575529,11.617207,Low,0,nback
1,1,2021-08-19 11:02:27.500000+00:00,11.4258175,11.55979,Low,0,nback
1,1,2021-08-19 11:02:42.500000+00:00,11.40559,11.513529,Low,0,nback
1,1,2021-08-19 11:02:57.500000+00:00,11.335569,11.460141,Low,0,nback
1,1,2021-08-19 11:03:12.500000+00:00,11.100949,11.352384,Low,0,nback
1,1,2021-08-19 11:03:27.500000+00:00,11.142755,11.289495,Low,0,nback
1,1,2021-08-19 11:03:42.500000+00:00,11.146035,11.246457,Low,0,nback
1,1,2021-08-19 11:03:57.500000+00:00,11.031772,11.182052,Low,0,nback
1,1,2021-08-19 11:04:12.500000+00:00,11.218596,11.193015,Low,0,nback
1,1,2021-08-19 11:04:27.500000+00:00,11.332558,11.234879,Low,0,nback
1,1,2021-08-19 11:04:42.500000+00:00,11.096146,11.193258,Low,0,nback
1,1,2021-08-19 11:04:57.500000+00:00,11.059511,11.153134,Low,0,crt
1,1,2021-08-19 11:05:12.500000+00:00,11.561657,11.275691,Low,0,crt
1,1,2021-08-19 11:05:27.500000+00:00,11.0483465,11.207487,Low,0,crt
1,1,2021-08-19 11:05:42.500000+00:00,11.061362,11.16365,Low,0,crt
1,1,2021-08-19 11:05:57.500000+00:00,11.264306,11.193847,Low,0,crt
1,1,2021-08-19 11:06:12.500000+00:00,11.430161,11.264741,Low,0,crt
1,1,2021-08-19 11:06:27.500000+00:00,11.317992,11.280717,Low,0,nback
1,1,2021-08-19 11:06:42.500000+00:00,11.162963,11.245391,Low,0,nback
1,1,2021-08-19 11:06:57.500000+00:00,11.1877,11.228084,Low,0,nback
1,1,2021-08-19 11:07:12.500000+00:00,11.235298,11.2302475,Low,0,nback
1,1,2021-08-19 11:07:27.500000+00:00,11.337323,11.26237,Low,0,nback
1,1,2021-08-19 11:07:42.500000+00:00,11.435409,11.314281,Low,0,nback
1,1,2021-08-19 11:07:57.500000+00:00,11.678967,11.423687,Low,0,nback
1,1,2021-08-19 11:08:12.500000+00:00,11.978593,11.590158,Low,0,nback
1,1,2021-08-19 11:08:27.500000+00:00,11.144254,11.456387,Low,0,nback
1,1,2021-08-19 11:08:42.500000+00:00,11.351881,11.4250345,Low,0,nback
1,1,2021-08-19 11:08:57.500000+00:00,11.221601,11.364004,Low,0,nback
1,1,2021-08-19 11:09:12.500000+00:00,11.548524,11.41936,Low,0,nback
1,1,2021-08-19 11:09:27.500000+00:00,11.295576,11.382225,Low,0,nback
1,1,2021-08-19 11:09:42.500000+00:00,11.190587,11.324734,Low,0,nback
1,1,2021-08-19 11:09:57.500000+00:00,11.418487,11.3528595,Low,0,nback
1,1,2021-08-19 11:10:12.500000+00:00,11.24723,11.321171,Low,0,nback
1,1,2021-08-19 11:10:27.500000+00:00,11.26199,11.303416,Low,0,nback
1,1,2021-08-19 11:10:42.500000+00:00,11.576282,11.385276,Low,0,nback
1,1,2021-08-19 11:10:57.500000+00:00,11.881974,11.534286,Low,0,nback
1,1,2021-08-19 11:11:12.500000+00:00,44.69261,21.481785,Low,0,nback
1,1,2021-08-19 11:11:27.500000+00:00,45.87406,28.799469,Low,0,nback
1,1,2021-08-19 11:11:42.500000+00:00,45.90253,33.93039,Medium,0,nback
1,1,2021-08-19 11:11:57.500000+00:00,45.975105,37.543804,Medium,0,nback
1,1,2021-08-19 11:12:12.500000+00:00,45.864075,40.039886,Medium,0,nback
1,1,2021-08-19 11:12:27.500000+00:00,45.393368,41.64593,Medium,0,nback
1,1,2021-08-19 11:12:42.500000+00:00,45.570736,42.82337,Medium,0,nback
1,1,2021-08-19 11:12:57.500000+00:00,45.565964,43.64615,Medium,0,nback
1,1,2021-08-19 11:13:12.500000+00:00,45.265327,44.1319,Medium,0,nback
1,1,2021-08-19 11:13:27.500000+00:00,46.24341,44.765354,Medium,0,nback
1,1,2021-08-19 11:13:42.500000+00:00,45.557606,45.00303,Medium,0,nback
1,1,2021-08-19 11:13:57.500000+00:00,45.26517,45.081673,Medium,0,nback
1,1,2021-08-19 11:14:12.500000+00:00,46.084045,45.382385,Medium,0,nback
1,1,2021-08-19 11:14:27.500000+00:00,45.940636,45.549862,Medium,0,nback
1,1,2021-08-19 11:14:42.500000+00:00,45.53064,45.544094,Medium,0,nback
1,1,2021-08-19 11:14:57.500000+00:00,45.985996,45.676666,Medium,0,nback
1,1,2021-08-19 11:15:12.500000+00:00,46.145542,45.81733,Medium,0,nback
1,1,2021-08-19 11:15:27.500000+00:00,46.08164,45.89662,Medium,0,nback
1,1,2021-08-19 11:15:42.500000+00:00,45.757927,45.855015,Medium,0,nback
1,1,2021-08-19 11:15:57.500000+00:00,45.85114,45.85385,Medium,0,nback
1,1,2021-08-19 11:16:12.500000+00:00,45.96572,45.887413,Medium,0,nback
1,1,2021-08-19 11:16:27.500000+00:00,45.608547,45.803753,Medium,0,nback
1,1,2021-08-19 11:16:42.500000+00:00,45.60709,45.744755,Medium,0,nback
1,1,2021-08-19 11:16:57.500000+00:00,45.82394,45.76851,Medium,0,nback
1,1,2021-08-19 11:17:12.500000+00:00,45.60428,45.71924,Medium,0,nback
1,1,2021-08-19 11:17:27.500000+00:00,45.664272,45.70275,Medium,0,nback
1,1,2021-08-19 11:17:42.500000+00:00,45.503887,45.643093,Medium,0,nback
1,1,2021-08-19 11:17:57.500000+00:00,45.75978,45.6781,Medium,0,crt
1,1,2021-08-19 11:18:12.500000+00:00,45.544785,45.638107,Medium,0,crt
1,1,2021-08-19 11:18:27.500000+00:00,45.725655,45.66437,Medium,0,crt
1,1,2021-08-19 11:18:42.500000+00:00,45.80553,45.70672,Medium,0,crt
1,1,2021-08-19 11:18:57.500000+00:00,45.0704,45.515823,Medium,0,crt
1,1,2021-08-19 11:19:12.500000+00:00,45.659206,45.558838,Medium,0,crt
1,1,2021-08-19 11:19:27.500000+00:00,45.64473,45.584606,Medium,0,crt
1,1,2021-08-19 11:19:42.500000+00:00,45.852562,45.664993,Medium,0,crt
1,2,2021-08-24 09:32:22.500000+00:00,33.384228,41.980762,Medium,0,baseline
1,2,2021-08-24 09:32:37.500000+00:00,33.47337,39.428543,Medium,0,baseline
1,2,2021-08-24 09:32:52.500000+00:00,33.496082,37.648804,Medium,0,baseline
1,2,2021-08-24 09:33:07.500000+00:00,33.492348,36.401867,Medium,0,baseline
1,2,2021-08-24 09:33:22.500000+00:00,33.088875,35.407967,Medium,0,baseline
1,2,2021-08-24 09:33:37.500000+00:00,33.547245,34.84975,Medium,0,baseline
1,2,2021-08-24 09:33:52.500000+00:00,33.463226,34.433792,Medium,0,baseline
1,2,2021-08-24 09:34:07.500000+00:00,33.88194,34.268238,Medium,0,baseline
1,2,2021-08-24 09:34:22.500000+00:00,33.017372,33.89298,Medium,0,baseline
1,2,2021-08-24 09:34:37.500000+00:00,33.572056,33.7967,Medium,0,baseline
1,2,2021-08-24 09:34:52.500000+00:00,33.65691,33.754765,Medium,0,baseline
1,2,2021-08-24 09:35:07.500000+00:00,33.79217,33.765984,Medium,0,baseline
1,2,2021-08-24 09:35:22.500000+00:00,33.43122,33.665554,Medium,0,baseline
1,2,2021-08-24 09:35:37.500000+00:00,33.587395,33.642105,Medium,0,baseline
1,2,2021-08-24 09:35:52.500000+00:00,34.17402,33.801678,Medium,0,crt
1,2,2021-08-24 09:36:07.500000+00:00,33.347103,33.665306,Medium,0,crt
1,2,2021-08-24 09:36:22.500000+00:00,33.667027,33.66582,Medium,0,crt
1,2,2021-08-24 09:36:37.500000+00:00,33.726097,33.683903,Medium,0,crt
1,2,2021-08-24 09:36:52.500000+00:00,32.846684,33.43274,Medium,0,crt
1,2,2021-08-24 09:37:07.500000+00:00,33.467995,33.443317,Medium,0,nback
1,2,2021-08-24 09:37:22.500000+00:00,33.517925,33.4657,Medium,0,nback
1,2,2021-08-24 09:37:37.500000+00:00,33.168518,33.376545,Medium,0,nback
1,2,2021-08-24 09:37:52.500000+00:00,33.270267,33.34466,Medium,0,nback
1,2,2021-08-24 09:38:07.500000+00:00,33.22558,33.308937,Medium,0,nback
1,2,2021-08-24 09:38:22.500000+00:00,33.306767,33.308285,Medium,0,nback
1,2,2021-08-24 09:38:37.500000+00:00,33.48352,33.360855,Medium,0,nback
1,2,2021-08-24 09:38:52.500000+00:00,33.514275,33.406883,Medium,0,nback
1,2,2021-08-24 09:39:07.500000+00:00,48.288586,37.87139,Medium,0,nback
1,2,2021-08-24 09:39:22.500000+00:00,48.01299,40.91387,Medium,0,nback
1,2,2021-08-24 09:39:37.500000+00:00,48.37877,43.15334,Medium,0,nback
1,2,2021-08-24 09:39:52.500000+00:00,48.099415,44.63716,Medium,0,nback
1,2,2021-08-24 09:40:07.500000+00:00,48.43693,45.777092,Medium,0,nback
1,2,2021-08-24 09:40:22.500000+00:00,47.828987,46.392662,Medium,0,nback
1,2,2021-08-24 09:40:37.500000+00:00,48.176952,46.927948,Medium,0,nback
1,2,2021-08-24 09:40:52.500000+00:00,48.34874,47.354187,Medium,0,nback
1,2,2021-08-24 09:41:07.500000+00:00,48.749825,47.772877,Medium,0,nback
1,2,2021-08-24 09:41:22.500000+00:00,48.317905,47.936386,Medium,0,nback
1,2,2021-08-24 09:41:37.500000+00:00,48.490402,48.102592,Medium,0,nback
1,2,2021-08-24 09:41:52.500000+00:00,48.23409,48.14204,Medium,0,nback
1,2,2021-08-24 09:42:07.500000+00:00,48.350697,48.20464,Medium,0,nback
1,2,2021-08-24 09:42:22.500000+00:00,47.828133,48.09169,Medium,0,nback
1,2,2021-08-24 09:42:37.500000+00:00,47.827744,48.012505,Medium,0,nback
1,2,2021-08-24 09:42:52.500000+00:00,47.959507,47.996605,Medium,0,crt
1,2,2021-08-24 09:43:07.500000+00:00,48.392086,48.11525,Medium,0,crt
1,2,2021-08-24 09:43:22.500000+00:00,47.97203,48.072285,Medium,0,crt
1,2,2021-08-24 09:43:37.500000+00:00,48.993122,48.348537,Medium,0,crt
1,2,2021-08-24 09:43:52.500000+00:00,48.280533,48.328136,Medium,0,crt
1,2,2021-08-24 09:44:07.500000+00:00,48.40175,48.35022,Medium,0,nback
1,2,2021-08-24 09:44:22.500000+00:00,48.201305,48.305546,Medium,0,nback
1,2,2021-08-24 09:44:37.500000+00:00,48.052166,48.22953,Medium,0,nback
1,2,2021-08-24 09:44:52.500000+00:00,48.507286,48.312855,Medium,0,nback
1,2,2021-08-24 09:45:07.500000+00:00,47.716694,48.134007,Medium,0,nback
1,2,2021-08-24 09:45:22.500000+00:00,48.333782,48.19394,Medium,0,nback
1,2,2021-08-24 09:45:37.500000+00:00,48.679913,48.33973,Medium,0,nback
1,2,2021-08-24 09:45:52.500000+00:00,48.371723,48.349327,Medium,0,nback
1,2,2021-08-24 09:46:07.500000+00:00,47.899616,48.214413,Medium,0,nback
1,2,2021-08-24 09:46:22.500000+00:00,47.866127,48.109924,Medium,0,nback
1,2,2021-08-24 09:46:37.500000+00:00,48.1823,48.131638,Medium,0,nback
1,2,2021-08-24 09:46:52.500000+00:00,48.240345,48.16425,Medium,0,nback
1,2,2021-08-24 09:47:07.500000+00:00,47.303185,47.90593,Medium,0,nback
1,2,2021-08-24 09:47:22.500000+00:00,48.37378,48.046284,Medium,0,nback
1,2,2021-08-24 09:47:37.500000+00:00,34.505688,43.984104,Medium,0,nback
1,2,2021-08-24 09:47:52.500000+00:00,34.025673,40.996574,Medium,0,nback
1,2,2021-08-24 09:48:07.500000+00:00,34.026337,38.905502,Medium,0,nback
1,2,2021-08-24 09:48:22.500000+00:00,33.943817,37.416996,Medium,0,nback
1,2,2021-08-24 09:48:37.500000+00:00,34.19844,36.45143,Medium,0,nback
1,2,2021-08-24 09:48:52.500000+00:00,33.834846,35.666454,Medium,0,nback
1,2,2021-08-24 09:49:07.500000+00:00,34.203506,35.22757,Medium,0,nback
1,2,2021-08-24 09:49:22.500000+00:00,33.77038,34.790413,Medium,0,nback
1,2,2021-08-24 09:49:37.500000+00:00,33.89854,34.52285,Medium,0,nback
1,2,2021-08-24 09:49:52.500000+00:00,34.157246,34.41317,Medium,0,nback
1,2,2021-08-24 09:50:07.500000+00:00,34.172543,34.34098,Medium,0,nback
1,2,2021-08-24 09:50:22.500000+00:00,34.11099,34.271984,Medium,0,nback
1,2,2021-08-24 09:50:37.500000+00:00,33.537945,34.051773,Medium,0,nback
1,2,2021-08-24 09:50:52.500000+00:00,33.788673,33.972843,Medium,0,nback
1,2,2021-08-24 09:51:07.500000+00:00,34.069496,34.00184,Medium,0,nback
1,2,2021-08-24 09:51:22.500000+00:00,34.117523,34.036545,Medium,0,nback
1,2,2021-08-24 09:51:37.500000+00:00,33.949635,34.01047,Medium,0,nback
1,2,2021-08-24 09:51:52.500000+00:00,34.018684,34.012936,Medium,0,nback
1,2,2021-08-24 09:52:07.500000+00:00,33.66639,33.908974,Medium,0,nback
1,2,2021-08-24 09:52:22.500000+00:00,33.4235,33.76333,Medium,0,crt
1,2,2021-08-24 09:52:37.500000+00:00,33.448956,33.669014,Medium,0,crt
1,2,2021-08-24 09:52:52.500000+00:00,33.51953,33.62417,Medium,0,crt
1,2,2021-08-24 09:53:07.500000+00:00,33.938046,33.71833,Medium,0,crt
1,2,2021-08-24 09:53:22.500000+00:00,34.032757,33.81266,Medium,0,crt
1,2,2021-08-24 09:53:37.500000+00:00,34.014156,33.873108,Medium,0,crt
1,2,2021-08-24 09:53:52.500000+00:00,34.297264,34.000355,Medium,0,nback
1,2,2021-08-24 09:54:07.500000+00:00,33.955803,33.986988,Medium,0,nback
1,3,2021-09-02 09:08:32.500000+00:00,4.42432,25.118187,Low,0,baseline
1,3,2021-09-02 09:08:47.500000+00:00,4.2541265,18.858969,Low,0,baseline
1,3,2021-09-02 09:09:02.500000+00:00,4.229215,14.470042,Low,0,baseline
1,3,2021-09-02 09:09:17.500000+00:00,3.8999085,11.299002,Low,0,baseline
1,3,2021-09-02 09:09:32.500000+00:00,4.291875,9.196864,Low,0,baseline
1,3,2021-09-02 09:09:47.500000+00:00,3.7325432,7.5575676,Low,0,baseline
1,3,2021-09-02 09:10:02.500000+00:00,4.192234,6.5479674,Low,0,baseline
1,3,2021-09-02 09:10:17.500000+00:00,4.0112867,5.7869635,Low,0,baseline
1,3,2021-09-02 09:10:32.500000+00:00,4.1040616,5.282093,Low,0,baseline
1,3,2021-09-02 09:10:47.500000+00:00,4.5120244,5.0510726,Low,0,baseline
1,3,2021-09-02 09:11:02.500000+00:00,3.9282942,4.714239,Low,0,baseline
1,3,2021-09-02 09:11:17.500000+00:00,4.08484,4.525419,Low,0,baseline
1,3,2021-09-02 09:11:32.500000+00:00,4.2528963,4.4436626,Low,0,baseline
1,3,2021-09-02 09:11:47.500000+00:00,4.1703,4.361654,Low,0,crt
1,3,2021-09-02 09:12:02.500000+00:00,4.1278586,4.2915154,Low,0,crt
1,3,2021-09-02 09:12:17.500000+00:00,4.6169877,4.3891573,Low,0,crt
1,3,2021-09-02 09:12:32.500000+00:00,4.17492,4.3248863,Low,0,crt
1,3,2021-09-02 09:12:47.500000+00:00,3.9229,4.2042904,Low,0,crt
1,3,2021-09-02 09:13:02.500000+00:00,4.2164564,4.20794,Low,0,crt
1,3,2021-09-02 09:13:17.500000+00:00,3.7404454,4.067692,Low,0,nback
1,3,2021-09-02 09:13:32.500000+00:00,3.720986,3.96368,Low,0,nback
1,3,2021-09-02 09:13:47.500000+00:00,4.255093,4.051104,Low,0,nback
1,3,2021-09-02 09:14:02.500000+00:00,4.122879,4.0726366,Low,0,nback
1,3,2021-09-02 09:14:17.500000+00:00,3.9585614,4.038414,Low,0,nback
1,3,2021-09-02 09:14:32.500000+00:00,4.235216,4.0974545,Low,0,nback
1,3,2021-09-02 09:14:47.500000+00:00,4.434423,4.198545,Low,0,nback
1,3,2021-09-02 09:15:02.500000+00:00,37.53356,14.199051,Low,0,nback
1,3,2021-09-02 09:15:17.500000+00:00,37.258945,21.11702,Low,0,nback
1,3,2021-09-02 09:15:32.500000+00:00,37.159145,25.929657,Low,0,nback
1,3,2021-09-02 09:15:47.500000+00:00,36.52933,29.109558,Low,0,nback
1,3,2021-09-02 09:16:02.500000+00:00,36.040127,31.188728,Low,0,nback
1,3,2021-09-02 09:16:17.500000+00:00,37.893154,33.200058,Medium,0,nback
1,3,2021-09-02 09:16:32.500000+00:00,37.482185,34.484695,Medium,0,nback
1,3,2021-09-02 09:16:47.500000+00:00,38.178402,35.592808,Medium,0,nback
1,3,2021-09-02 09:17:02.500000+00:00,38.9746,36.607346,Medium,0,nback
1,3,2021-09-02 09:17:17.500000+00:00,36.536777,36.586174,Medium,0,nback
1,3,2021-09-02 09:17:32.500000+00:00,36.5445,36.57367,Medium,0,nback
1,3,2021-09-02 09:17:47.500000+00:00,37.568577,36.872143,Medium,0,nback
1,3,2021-09-02 09:18:02.500000+00:00,36.856766,36.86753,Medium,0,nback
1,3,2021-09-02 09:18:17.500000+00:00,37.43405,37.037487,Medium,0,nback
1,3,2021-09-02 09:18:32.500000+00:00,37.34776,37.13057,Medium,0,nback
1,3,2021-09-02 09:18:47.500000+00:00,37.559822,37.259346,Medium,0,crt
1,3,2021-09-02 09:19:02.500000+00:00,36.55622,37.04841,Medium,0,crt
1,3,2021-09-02 09:19:17.500000+00:00,37.24796,37.108273,Medium,0,crt
1,3,2021-09-02 09:19:32.500000+00:00,37.356808,37.18283,Medium,0,crt
1,3,2021-09-02 09:19:47.500000+00:00,37.325516,37.225636,Medium,0,nback
1,3,2021-09-02 09:20:02.500000+00:00,37.26543,37.237576,Medium,0,nback
1,3,2021-09-02 09:20:17.500000+00:00,37.575993,37.339104,Medium,0,nback
1,3,2021-09-02 09:20:32.500000+00:00,37.492542,37.385136,Medium,0,nback
1,3,2021-09-02 09:20:47.500000+00:00,36.799633,37.209484,Medium,0,nback
1,3,2021-09-02 09:21:02.500000+00:00,37.631084,37.335964,Medium,0,nback
1,3,2021-09-02 09:21:17.500000+00:00,37.399193,37.35493,Medium,0,nback
1,3,2021-09-02 09:21:32.500000+00:00,38.461796,37.68699,Medium,0,nback
1,3,2021-09-02 09:21:47.500000+00:00,36.957275,37.468075,Medium,0,nback
1,3,2021-09-02 09:22:02.500000+00:00,36.56923,37.19842,Medium,0,nback
1,3,2021-09-02 09:22:17.500000+00:00,37.270573,37.220066,Medium,0,nback
1,3,2021-09-02 09:22:32.500000+00:00,37.752445,37.37978,Medium,0,nback
1,3,2021-09-02 09:22:47.500000+00:00,37.497032,37.414955,Medium,0,nback
1,3,2021-09-02 09:23:02.500000+00:00,37.378654,37.404064,Medium,0,nback
1,3,2021-09-02 09:23:17.500000+00:00,37.706726,37.49486,Medium,0,nback
1,3,2021-09-02 09:23:32.500000+00:00,36.417538,37.171665,Medium,0,nback
1,3,2021-09-02 09:23:47.500000+00:00,35.801174,36.760517,Medium,0,nback
1,3,2021-09-02 09:24:02.500000+00:00,35.31113,36.3257,Medium,0,nback
1,3,2021-09-02 09:24:17.500000+00:00,35.668236,36.12846,Medium,0,nback
1,3,2021-09-02 09:24:32.500000+00:00,35.164795,35.83936,Medium,0,nback
1,3,2021-09-02 09:24:47.500000+00:00,35.750122,35.812588,Medium,0,nback
1,3,2021-09-02 09:25:02.500000+00:00,35.733627,35.788902,Medium,0,nback
1,3,2021-09-02 09:25:17.500000+00:00,36.030716,35.861446,Medium,0,nback
1,3,2021-09-02 09:25:32.500000+00:00,35.758186,35.830467,Medium,0,nback
1,3,2021-09-02 09:25:47.500000+00:00,35.938152,35.862774,Medium,0,nback
1,3,2021-09-02 09:26:02.500000+00:00,35.515896,35.75871,Medium,0,nback
1,3,2021-09-02 09:26:17.500000+00:00,35.435043,35.66161,Medium,0,nback
1,3,2021-09-02 09:26:32.500000+00:00,35.93318,35.74308,Medium,0,nback
1,3,2021-09-02 09:26:47.500000+00:00,36.097332,35.849354,Medium,0,nback
1,3,2021-09-02 09:27:02.500000+00:00,36.200237,35.95462,Medium,0,nback
1,3,2021-09-02 09:27:17.500000+00:00,35.95576,35.954964,Medium,0,nback
1,3,2021-09-02 09:27:32.500000+00:00,35.038605,35.680054,Medium,0,nback
1,3,2021-09-02 09:27:47.500000+00:00,35.963867,35.765198,Medium,0,nback
1,3,2021-09-02 09:28:02.500000+00:00,36.133556,35.875706,Medium,0,nback
1,3,2021-09-02 09:28:17.500000+00:00,36.11949,35.94884,Medium,0,nback
1,3,2021-09-02 09:28:32.500000+00:00,36.184265,36.01947,Medium,0,crt
1,3,2021-09-02 09:28:47.500000+00:00,35.834423,35.963955,Medium,0,crt
1,3,2021-09-02 09:29:02.500000+00:00,35.822968,35.92166,Medium,0,crt
1,3,2021-09-02 09:29:17.500000+00:00,35.62784,35.833515,Medium,0,crt
1,3,2021-09-02 09:29:32.500000+00:00,36.119473,35.919304,Medium,0,nback
1,3,2021-09-02 09:29:47.500000+00:00,35.80689,35.885582,Medium,0,nback
1,3,2021-09-02 09:30:02.500000+00:00,35.8246,35.867287,Medium,0,nback
2,1,2021-08-19 12:34:11.500000+00:00,1.3910358,25.52441,Low,0,baseline
2,1,2021-08-19 12:34:26.500000+00:00,1.1110679,18.200407,Low,0,baseline
2,1,2021-08-19 12:34:41.500000+00:00,1.4025882,13.161061,Low,0,baseline
2,1,2021-08-19 12:34:56.500000+00:00,1.0550246,9.52925,Low,0,baseline
2,1,2021-08-19 12:35:11.500000+00:00,1.7463297,7.194374,Low,0,baseline
2,1,2021-08-19 12:35:26.500000+00:00,1.7861075,5.571894,Low,0,baseline
2,1,2021-08-19 12:35:41.500000+00:00,0.92548144,4.1779704,Low,0,baseline
2,1,2021-08-19 12:35:56.500000+00:00,1.063359,3.2435868,Low,0,baseline
2,1,2021-08-19 12:36:11.500000+00:00,0.86056954,2.5286815,Low,0,crt
2,1,2021-08-19 12:36:26.500000+00:00,1.2765273,2.1530352,Low,0,crt
2,1,2021-08-19 12:36:41.500000+00:00,1.099348,1.836929,Low,0,crt
2,1,2021-08-19 12:36:56.500000+00:00,1.0080866,1.5882763,Low,0,crt
2,1,2021-08-19 12:37:11.500000+00:00,0.8117538,1.3553195,Low,0,crt
2,1,2021-08-19 12:37:26.500000+00:00,0.69049597,1.1558725,Low,0,nback
2,1,2021-08-19 12:37:41.500000+00:00,0.82038426,1.055226,Low,0,nback
2,1,2021-08-19 12:37:56.500000+00:00,1.6959077,1.2474306,Low,0,nback
2,1,2021-08-19 12:38:11.500000+00:00,1.6959077,1.3819737,Low,0,nback
2,1,2021-08-19 12:38:26.500000+00:00,1.6959077,1.4761539,Low,0,nback
2,1,2021-08-19 12:38:41.500000+00:00,1.6959077,1.5420799,Low,0,nback
2,1,2021-08-19 12:38:56.500000+00:00,1.6959077,1.5882282,Low,0,nback
2,1,2021-08-19 12:39:11.500000+00:00,1.6959077,1.620532,Low,0,nback
2,1,2021-08-19 12:39:26.500000+00:00,1.6959077,1.6431446,Low,0,nback
2,1,2021-08-19 12:39:41.500000+00:00,1.6959077,1.6589735,Low,0,nback
2,1,2021-08-19 12:39:56.500000+00:00,0.96746147,1.4515197,Low,0,nback
2,1,2021-08-19 12:40:11.500000+00:00,2.3131907,1.710021,Low,0,nback
2,1,2021-08-19 12:40:26.500000+00:00,0.93317693,1.4769678,Low,0,nback
2,1,2021-08-19 12:40:41.500000+00:00,1.8008248,1.5741249,Low,0,nback
2,1,2021-08-19 12:40:56.500000+00:00,1.4571989,1.5390471,Low,0,nback
2,1,2021-08-19 12:41:11.500000+00:00,1.8283645,1.6258423,Low,0,nback
2,1,2021-08-19 12:41:26.500000+00:00,1.7470548,1.6622062,Low,0,nback
2,1,2021-08-19 12:41:41.500000+00:00,1.6976825,1.672849,Low,0,nback
2,1,2021-08-19 12:41:56.500000+00:00,1.278397,1.5545135,Low,0,nback
2,1,2021-08-19 12:42:11.500000+00:00,1.6437435,1.5812825,Low,0,nback
2,1,2021-08-19 12:42:26.500000+00:00,1.5468621,1.5709563,Low,0,nback
2,1,2021-08-19 12:42:41.500000+00:00,1.1465297,1.4436283,Low,0,nback
2,1,2021-08-19 12:42:56.500000+00:00,1.4051901,1.4320968,Low,0,nback
2,1,2021-08-19 12:43:11.500000+00:00,1.3081084,1.3949003,Low,0,nback
2,1,2021-08-19 12:43:26.500000+00:00,2.762393,1.8051481,Low,0,nback
2,1,2021-08-19 12:43:41.500000+00:00,1.2880436,1.6500168,Low,0,nback
2,1,2021-08-19 12:43:56.500000+00:00,1.6308308,1.644261,Low,0,nback
2,1,2021-08-19 12:44:11.500000+00:00,2.0737247,1.7731001,Low,0,nback
2,1,2021-08-19 12:44:26.500000+00:00,1.6992022,1.7509308,Low,0,nback
2,1,2021-08-19 12:44:41.500000+00:00,2.2872498,1.9118265,Low,0,crt
2,1,2021-08-19 12:44:56.500000+00:00,1.5097964,1.7912174,Low,0,crt
2,1,2021-08-19 12:45:11.500000+00:00,2.301179,1.944206,Low,0,crt
2,1,2021-08-19 12:45:26.500000+00:00,0.81291074,1.6048174,Low,0,crt
2,1,2021-08-19 12:45:41.500000+00:00,0.9996109,1.4232554,Low,0,crt
2,1,2021-08-19 12:45:56.500000+00:00,1.9190248,1.5719863,Low,0,crt
2,1,2021-08-19 12:46:11.500000+00:00,1.6598259,1.5983382,Low,0,nback
2,1,2021-08-19 12:46:26.500000+00:00,1.8654007,1.678457,Low,0,nback
2,1,2021-08-19 12:46:41.500000+00:00,2.1976166,1.8342049,Low,0,nback
2,1,2021-08-19 12:46:56.500000+00:00,1.397693,1.7032514,Low,0,nback
2,1,2021-08-19 12:47:11.500000+00:00,2.3110213,1.8855823,Low,0,nback
2,1,2021-08-19 12:47:26.500000+00:00,3.084271,2.245189,Low,0,nback
2,1,2021-08-19 12:47:41.500000+00:00,1.9406736,2.1538343,Low,0,nback
2,1,2021-08-19 12:47:56.500000+00:00,3.0861104,2.4335172,Low,0,nback
2,1,2021-08-19 12:48:11.500000+00:00,2.5853508,2.4790673,Low,0,nback
2,1,2021-08-19 12:48:26.500000+00:00,2.2399457,2.407331,Low,0,nback
2,1,2021-08-19 12:48:41.500000+00:00,2.2701657,2.3661814,Low,0,nback
2,1,2021-08-19 12:48:56.500000+00:00,2.0961554,2.2851734,Low,0,nback
2,1,2021-08-19 12:49:11.500000+00:00,48.563274,16.168604,Low,0,nback
2,1,2021-08-19 12:49:26.500000+00:00,48.62242,25.90475,Low,0,nback
2,1,2021-08-19 12:49:41.500000+00:00,48.03438,32.54364,Low,0,nback
2,1,2021-08-19 12:49:56.500000+00:00,47.93615,37.161392,Medium,0,nback
2,1,2021-08-19 12:50:11.500000+00:00,47.858337,40.370476,Medium,0,nback
2,1,2021-08-19 12:50:26.500000+00:00,48.26031,42.737427,Medium,0,nback
2,1,2021-08-19 12:50:41.500000+00:00,48.33199,44.415794,Medium,0,nback
2,1,2021-08-19 12:50:56.500000+00:00,48.167435,45.541286,Medium,0,nback
2,1,2021-08-19 12:51:11.500000+00:00,48.993183,46.576855,Medium,0,nback
2,1,2021-08-19 12:51:26.500000+00:00,49.02707,47.31192,Medium,0,nback
2,1,2021-08-19 12:51:41.500000+00:00,47.351444,47.323776,Medium,0,nback
2,1,2021-08-19 12:51:56.500000+00:00,47.968895,47.51731,Medium,0,nback
2,1,2021-08-19 12:52:11.500000+00:00,48.099854,47.69207,Medium,0,nback
2,1,2021-08-19 12:52:26.500000+00:00,49.12817,48.122902,Medium,0,nback
2,1,2021-08-19 12:52:41.500000+00:00,48.58028,48.260117,Medium,0,nback
2,1,2021-08-19 12:52:56.500000+00:00,47.52522,48.03965,Medium,0,nback
2,1,2021-08-19 12:53:11.500000+00:00,48.389584,48.14463,Medium,0,nback
2,1,2021-08-19 12:53:26.500000+00:00,46.475315,47.643837,Medium,0,nback
2,1,2021-08-19 12:53:41.500000+00:00,46.623325,47.337685,Medium,0,crt
2,1,2021-08-19 12:53:56.500000+00:00,48.387276,47.65256,Medium,0,crt
2,1,2021-08-19 12:54:11.500000+00:00,47.825657,47.70449,Medium,0,crt
2,1,2021-08-19 12:54:26.500000+00:00,48.22281,47.859985,Medium,0,crt
2,1,2021-08-19 12:54:41.500000+00:00,48.24615,47.975834,Medium,0,crt
2,1,2021-08-19 12:54:56.500000+00:00,47.464703,47.822495,Medium,0,crt
2,1,2021-08-19 12:55:11.500000+00:00,46.492252,47.423424,Medium,0,crt
2,2,2021-09-07 12:46:07.500000+00:00,2.3998578,33.91635,Medium,0,baseline
2,2,2021-09-07 12:46:22.500000+00:00,2.2995026,24.431297,Low,0,baseline
2,2,2021-09-07 12:46:37.500000+00:00,2.6304967,17.891056,Low,0,baseline
2,2,2021-09-07 12:46:52.500000+00:00,2.591848,13.301293,Low,0,baseline
2,2,2021-09-07 12:47:07.500000+00:00,2.4787652,10.054535,Low,0,baseline
2,2,2021-09-07 12:47:22.500000+00:00,2.5928764,7.816037,Low,0,baseline
2,2,2021-09-07 12:47:37.500000+00:00,2.2900064,6.158228,Low,0,baseline
2,2,2021-09-07 12:47:52.500000+00:00,2.494688,5.059166,Low,0,baseline
2,2,2021-09-07 12:48:07.500000+00:00,2.6034887,4.322463,Low,0,baseline
2,2,2021-09-07 12:48:22.500000+00:00,2.6017656,3.806254,Low,0,baseline
2,2,2021-09-07 12:48:37.500000+00:00,2.3929892,3.3822744,Low,0,baseline
2,2,2021-09-07 12:48:52.500000+00:00,2.4384122,3.0991158,Low,0,baseline
2,2,2021-09-07 12:49:07.500000+00:00,2.6777823,2.9727159,Low,0,baseline
2,2,2021-09-07 12:49:22.500000+00:00,2.216042,2.7457137,Low,0,baseline
2,2,2021-09-07 12:49:37.500000+00:00,2.4620686,2.6606202,Low,0,crt
2,2,2021-09-07 12:49:52.500000+00:00,2.5932457,2.640408,Low,0,crt
2,2,2021-09-07 12:50:07.500000+00:00,2.4279017,2.576656,Low,0,crt
2,2,2021-09-07 12:50:22.500000+00:00,2.6852932,2.6092472,Low,0,crt
2,2,2021-09-07 12:50:37.500000+00:00,2.1791275,2.4802113,Low,0,crt
2,2,2021-09-07 12:50:52.500000+00:00,2.6297605,2.5250762,Low,0,crt
2,2,2021-09-07 12:51:07.500000+00:00,2.5628536,2.5364094,Low,0,nback
2,2,2021-09-07 12:51:22.500000+00:00,2.8768983,2.638556,Low,0,nback
2,2,2021-09-07 12:51:37.500000+00:00,2.4934978,2.5950384,Low,0,nback
2,2,2021-09-07 12:51:52.500000+00:00,2.6839385,2.6217084,Low,0,nback
2,2,2021-09-07 12:52:07.500000+00:00,2.698994,2.6448941,Low,0,nback
2,2,2021-09-07 12:52:22.500000+00:00,2.4454389,2.5850575,Low,0,nback
2,2,2021-09-07 12:52:37.500000+00:00,2.5784814,2.5830848,Low,0,nback
2,2,2021-09-07 12:52:52.500000+00:00,15.179743,6.3620825,Low,0,nback
2,2,2021-09-07 12:53:07.500000+00:00,15.038134,8.964898,Low,0,nback
2,2,2021-09-07 12:53:22.500000+00:00,15.017648,10.780724,Low,0,nback
2,2,2021-09-07 12:53:37.500000+00:00,15.343482,12.149551,Low,0,nback
2,2,2021-09-07 12:53:52.500000+00:00,15.139374,13.046497,Low,0,nback
2,2,2021-09-07 12:54:07.500000+00:00,15.207615,13.694833,Low,0,nback
2,2,2021-09-07 12:54:22.500000+00:00,15.021184,14.092738,Low,0,nback
2,2,2021-09-07 12:54:37.500000+00:00,15.124547,14.402281,Low,0,nback
2,2,2021-09-07 12:54:52.500000+00:00,15.030808,14.590839,Low,0,nback
2,2,2021-09-07 12:55:07.500000+00:00,15.096611,14.742571,Low,0,nback
2,2,2021-09-07 12:55:22.500000+00:00,14.957134,14.80694,Low,0,nback
2,2,2021-09-07 12:55:37.500000+00:00,15.450684,15.000063,Low,0,nback
2,2,2021-09-07 12:55:52.500000+00:00,15.069902,15.021015,Low,0,nback
2,2,2021-09-07 12:56:07.500000+00:00,15.094291,15.042997,Low,0,nback
2,2,2021-09-07 12:56:22.500000+00:00,15.297236,15.119268,Low,0,nback
2,2,2021-09-07 12:56:37.500000+00:00,15.1705,15.134638,Low,0,crt
2,2,2021-09-07 12:56:52.500000+00:00,15.099483,15.12409,Low,0,crt
2,2,2021-09-07 12:57:07.500000+00:00,15.105044,15.118376,Low,0,crt
2,2,2021-09-07 12:57:22.500000+00:00,15.166349,15.132768,Low,0,crt
2,2,2021-09-07 12:57:37.500000+00:00,15.024013,15.100142,Low,0,nback
2,2,2021-09-07 12:57:52.500000+00:00,14.6183605,14.955607,Low,0,nback
2,2,2021-09-07 12:58:07.500000+00:00,15.195053,15.027441,Low,0,nback
2,2,2021-09-07 12:58:22.500000+00:00,14.935285,14.999794,Low,0,nback
2,2,2021-09-07 12:58:37.500000+00:00,15.392015,15.11746,Low,0,nback
2,2,2021-09-07 12:58:52.500000+00:00,15.356561,15.18919,Low,0,nback
2,2,2021-09-07 12:59:07.500000+00:00,15.135651,15.173128,Low,0,nback
2,2,2021-09-07 12:59:22.500000+00:00,15.215179,15.185743,Low,0,nback
2,2,2021-09-07 12:59:37.500000+00:00,15.396648,15.249015,Low,0,nback
2,2,2021-09-07 12:59:52.500000+00:00,77.18651,33.83026,Medium,0,nback
2,2,2021-09-07 13:00:07.500000+00:00,76.74339,46.7042,Medium,0,nback
2,2,2021-09-07 13:00:22.500000+00:00,77.40985,55.915894,Medium,0,nback
2,2,2021-09-07 13:00:37.500000+00:00,77.13916,62.282875,Medium,0,nback
2,2,2021-09-07 13:00:52.500000+00:00,76.63671,66.58903,High,0,nback
2,2,2021-09-07 13:01:07.500000+00:00,77.41756,69.837585,High,0,nback
2,2,2021-09-07 13:01:22.500000+00:00,77.271965,72.0679,High,1,nback
2,2,2021-09-07 13:01:37.500000+00:00,77.21137,73.61094,High,1,nback
2,2,2021-09-07 13:01:52.500000+00:00,77.17102,74.67896,High,1,nback
2,2,2021-09-07 13:02:07.500000+00:00,77.28394,75.46046,High,1,nback
2,2,2021-09-07 13:02:22.500000+00:00,77.16949,75.97317,High,1,nback
2,2,2021-09-07 13:02:37.500000+00:00,77.28534,76.36682,High,1,nback
2,2,2021-09-07 13:02:52.500000+00:00,77.16563,76.60646,High,1,nback
2,2,2021-09-07 13:03:07.500000+00:00,77.49533,76.87312,High,1,nback
2,2,2021-09-07 13:03:22.500000+00:00,76.98321,76.90614,High,1,nback
2,2,2021-09-07 13:03:37.500000+00:00,77.34696,77.03839,High,1,crt
2,2,2021-09-07 13:03:52.500000+00:00,77.02437,77.03418,High,1,crt
2,2,2021-09-07 13:04:07.500000+00:00,76.57098,76.89522,High,1,crt
2,2,2021-09-07 13:04:22.500000+00:00,77.317085,77.021774,High,1,crt
2,2,2021-09-07 13:04:37.500000+00:00,77.03883,77.02689,High,1,nback
2,2,2021-09-07 13:04:52.500000+00:00,76.83948,76.970665,High,1,nback
2,3,2021-09-14 15:17:07.500000+00:00,33.19879,63.8391,Medium,0,baseline
2,3,2021-09-14 15:17:22.500000+00:00,33.45113,54.72271,Medium,0,baseline
2,3,2021-09-14 15:17:37.500000+00:00,33.078075,48.22932,Medium,0,baseline
2,3,2021-09-14 15:17:52.500000+00:00,33.383354,43.77553,Medium,0,baseline
2,3,2021-09-14 15:18:07.500000+00:00,33.13066,40.58207,Medium,0,baseline
2,3,2021-09-14 15:18:22.500000+00:00,33.102947,38.338333,Medium,0,baseline
2,3,2021-09-14 15:18:37.500000+00:00,33.021942,36.743416,Medium,0,baseline
2,3,2021-09-14 15:18:52.500000+00:00,33.317318,35.715584,Medium,0,baseline
2,3,2021-09-14 15:19:07.500000+00:00,33.142006,34.943512,Medium,0,baseline
2,3,2021-09-14 15:19:22.500000+00:00,32.716667,34.27546,Medium,0,baseline
2,3,2021-09-14 15:19:37.500000+00:00,33.157944,33.940205,Medium,0,baseline
2,3,2021-09-14 15:19:52.500000+00:00,33.106827,33.690193,Medium,0,baseline
2,3,2021-09-14 15:20:07.500000+00:00,32.856724,33.440155,Medium,0,baseline
2,3,2021-09-14 15:20:22.500000+00:00,33.127357,33.346313,Medium,0,baseline
2,3,2021-09-14 15:20:37.500000+00:00,33.337177,33.343575,Medium,0,crt
2,3,2021-09-14 15:20:52.500000+00:00,33.2978,33.32984,Medium,0,crt
2,3,2021-09-14 15:21:07.500000+00:00,33.144676,33.274292,Medium,0,crt
2,3,2021-09-14 15:21:22.500000+00:00,33.1059,33.223774,Medium,0,crt
2,3,2021-09-14 15:21:37.500000+00:00,33.72869,33.375248,Medium,0,nback
2,3,2021-09-14 15:21:52.500000+00:00,33.105846,33.294426,Medium,0,nback
2,3,2021-09-14 15:22:07.500000+00:00,33.122665,33.242897,Medium,0,nback
2,3,2021-09-14 15:22:22.500000+00:00,33.579456,33.343864,Medium,0,nback
2,3,2021-09-14 15:22:37.500000+00:00,32.992176,33.238358,Medium,0,nback
2,3,2021-09-14 15:22:52.500000+00:00,33.4257,33.29456,Medium,0,nback
2,3,2021-09-14 15:23:07.500000+00:00,32.954258,33.192467,Medium,0,nback
2,3,2021-09-14 15:23:22.500000+00:00,33.267143,33.21487,Medium,0,nback
2,3,2021-09-14 15:23:37.500000+00:00,36.270287,34.131493,Medium,0,nback
2,3,2021-09-14 15:23:52.500000+00:00,36.756653,34.91904,Medium,0,nback
2,3,2021-09-14 15:24:07.500000+00:00,37.09602,35.572136,Medium,0,nback
2,3,2021-09-14 15:24:22.500000+00:00,37.089428,36.027325,Medium,0,nback
2,3,2021-09-14 15:24:37.500000+00:00,36.58285,36.193985,Medium,0,nback
2,3,2021-09-14 15:24:52.500000+00:00,36.71022,36.348854,Medium,0,nback
2,3,2021-09-14 15:25:07.500000+00:00,36.9169,36.519268,Medium,0,nback
2,3,2021-09-14 15:25:22.500000+00:00,36.861645,36.621983,Medium,0,nback
2,3,2021-09-14 15:25:37.500000+00:00,36.819756,36.681313,Medium,0,nback
2,3,2021-09-14 15:25:52.500000+00:00,37.350723,36.882133,Medium,0,nback
2,3,2021-09-14 15:26:07.500000+00:00,36.824116,36.86473,Medium,0,nback
2,3,2021-09-14 15:26:22.500000+00:00,36.807335,36.84751,Medium,0,nback
2,3,2021-09-14 15:26:37.500000+00:00,36.69641,36.80218,Medium,0,nback
2,3,2021-09-14 15:26:52.500000+00:00,36.24287,36.634388,Medium,0,crt
2,3,2021-09-14 15:27:07.500000+00:00,36.654263,36.64035,Medium,0,crt
2,3,2021-09-14 15:27:22.500000+00:00,36.846294,36.702133,Medium,0,crt
2,3,2021-09-14 15:27:37.500000+00:00,37.14542,36.835117,Medium,0,crt
2,3,2021-09-14 15:27:52.500000+00:00,37.338966,36.986275,Medium,0,nback
2,3,2021-09-14 15:28:07.500000+00:00,36.549118,36.85513,Medium,0,nback
2,3,2021-09-14 15:28:22.500000+00:00,36.728413,36.817116,Medium,0,nback
2,3,2021-09-14 15:28:37.500000+00:00,36.73259,36.791756,Medium,0,nback
2,3,2021-09-14 15:28:52.500000+00:00,37.12258,36.891003,Medium,0,nback
2,3,2021-09-14 15:29:07.500000+00:00,36.631313,36.813095,Medium,0,nback
2,3,2021-09-14 15:29:22.500000+00:00,36.763756,36.798294,Medium,0,nback
2,3,2021-09-14 15:29:37.500000+00:00,36.82107,36.80513,Medium,0,nback
2,3,2021-09-14 15:29:52.500000+00:00,36.751064,36.78891,Medium,0,nback
2,3,2021-09-14 15:30:07.500000+00:00,36.90816,36.824684,Medium,0,nback
2,3,2021-09-14 15:30:22.500000+00:00,36.94507,36.8608,Medium,0,nback
2,3,2021-09-14 15:30:37.500000+00:00,36.959805,36.890503,Medium,0,nback
2,3,2021-09-14 15:30:52.500000+00:00,37.013554,36.927418,Medium,0,nback
2,3,2021-09-14 15:31:07.500000+00:00,36.917263,36.92437,Medium,0,nback
2,3,2021-09-14 15:31:22.500000+00:00,36.718613,36.862644,Medium,0,nback
2,3,2021-09-14 15:31:37.500000+00:00,37.03673,36.91487,Medium,0,nback
2,3,2021-09-14 15:31:52.500000+00:00,52.74442,41.663734,Medium,0,nback
2,3,2021-09-14 15:32:07.500000+00:00,53.382782,45.17945,Medium,0,nback
2,3,2021-09-14 15:32:22.500000+00:00,53.113583,47.559692,Medium,0,nback
2,3,2021-09-14 15:32:37.500000+00:00,53.313194,49.28574,Medium,0,nback
2,3,2021-09-14 15:32:52.500000+00:00,53.350212,50.50508,Medium,0,nback
2,3,2021-09-14 15:33:07.500000+00:00,53.225395,51.321175,Medium,0,nback
2,3,2021-09-14 15:33:22.500000+00:00,53.226257,51.892696,Medium,0,nback
2,3,2021-09-14 15:33:37.500000+00:00,52.719143,52.14063,Medium,0,nback
2,3,2021-09-14 15:33:52.500000+00:00,53.424747,52.525864,Medium,0,nback
2,3,2021-09-14 15:34:07.500000+00:00,53.314785,52.762543,Medium,0,nback
2,3,2021-09-14 15:34:22.500000+00:00,53.44389,52.96695,Medium,0,nback
2,3,2021-09-14 15:34:37.500000+00:00,53.48307,53.121784,Medium,0,nback
2,3,2021-09-14 15:34:52.500000+00:00,53.27712,53.168385,Medium,0,nback
2,3,2021-09-14 15:35:07.500000+00:00,54.107418,53.450096,Medium,0,nback
2,3,2021-09-14 15:35:22.500000+00:00,53.921806,53.591606,Medium,0,nback
2,3,2021-09-14 15:35:37.500000+00:00,52.991943,53.411705,Medium,0,nback
2,3,2021-09-14 15:35:52.500000+00:00,53.328484,53.386738,Medium,0,nback
2,3,2021-09-14 15:36:07.500000+00:00,53.322937,53.3676,Medium,0,nback
2,3,2021-09-14 15:36:22.500000+00:00,53.149277,53.3021,Medium,0,nback
2,3,2021-09-14 15:36:37.500000+00:00,52.46377,53.050602,Medium,0,nback
2,3,2021-09-14 15:36:52.500000+00:00,52.82176,52.98195,Medium,0,nback
2,3,2021-09-14 15:37:07.500000+00:00,52.968014,52.977768,Medium,0,crt
2,3,2021-09-14 15:37:22.500000+00:00,53.26592,53.064217,Medium,0,crt
2,3,2021-09-14 15:37:37.500000+00:00,53.483673,53.190056,Medium,0,crt
2,3,2021-09-14 15:37:52.500000+00:00,53.44646,53.26698,Medium,0,crt
2,3,2021-09-14 15:38:07.500000+00:00,53.27161,53.268368,Medium,0,nback
2,3,2021-09-14 15:38:22.500000+00:00,53.46173,53.326378,Medium,0,nback
2,3,2021-09-14 15:38:37.500000+00:00,53.144,53.271667,Medium,0,nback
3,1,2021-08-20 10:49:51.500000+00:00,24.50186,44.640724,Medium,0,baseline
3,1,2021-08-20 10:50:06.500000+00:00,23.948315,38.433002,Medium,0,baseline
3,1,2021-08-20 10:50:21.500000+00:00,24.388422,34.219627,Medium,0,baseline
3,1,2021-08-20 10:50:36.500000+00:00,24.687729,31.360058,Low,0,baseline
3,1,2021-08-20 10:50:51.500000+00:00,24.262716,29.230854,Low,0,baseline
3,1,2021-08-20 10:51:06.500000+00:00,24.187437,27.717829,Low,0,baseline
3,1,2021-08-20 10:51:21.500000+00:00,23.65597,26.499271,Low,0,baseline
3,1,2021-08-20 10:51:36.500000+00:00,24.53628,25.910374,Low,0,baseline
3,1,2021-08-20 10:51:51.500000+00:00,24.201698,25.39777,Low,0,baseline
3,1,2021-08-20 10:52:06.500000+00:00,24.149548,25.023304,Low,0,baseline
3,1,2021-08-20 10:52:21.500000+00:00,23.90935,24.689117,Low,0,baseline
3,1,2021-08-20 10:52:36.500000+00:00,23.91582,24.457127,Low,0,baseline
3,1,2021-08-20 10:52:51.500000+00:00,23.787285,24.256172,Low,0,baseline
3,1,2021-08-20 10:53:06.500000+00:00,23.767426,24.109549,Low,0,crt
3,1,2021-08-20 10:53:21.500000+00:00,24.70711,24.288818,Low,0,crt
3,1,2021-08-20 10:53:36.500000+00:00,24.362011,24.310776,Low,0,crt
3,1,2021-08-20 10:53:51.500000+00:00,24.748283,24.442028,Low,0,crt
3,1,2021-08-20 10:54:06.500000+00:00,24.140917,24.351694,Low,0,crt
3,1,2021-08-20 10:54:21.500000+00:00,24.04742,24.260412,Low,0,crt
3,1,2021-08-20 10:54:36.500000+00:00,24.070667,24.20349,Low,0,nback
3,1,2021-08-20 10:54:51.500000+00:00,24.240955,24.21473,Low,0,nback
3,1,2021-08-20 10:55:06.500000+00:00,24.281832,24.23486,Low,0,nback
3,1,2021-08-20 10:55:21.500000+00:00,24.326181,24.262257,Low,0,nback
3,1,2021-08-20 10:55:36.500000+00:00,23.917324,24.158777,Low,0,nback
3,1,2021-08-20 10:55:51.500000+00:00,24.134918,24.151619,Low,0,nback
3,1,2021-08-20 10:56:06.500000+00:00,23.819109,24.051867,Low,0,nback
3,1,2021-08-20 10:56:21.500000+00:00,38.04276,28.249134,Low,0,nback
3,1,2021-08-20 10:56:36.500000+00:00,38.05007,31.189415,Low,0,nback
3,1,2021-08-20 10:56:51.500000+00:00,38.08169,33.2571,Medium,0,nback
3,1,2021-08-20 10:57:06.500000+00:00,38.279297,34.763756,Medium,0,nback
3,1,2021-08-20 10:57:21.500000+00:00,38.077236,35.7578,Medium,0,nback
3,1,2021-08-20 10:57:36.500000+00:00,38.673416,36.632484,Medium,0,nback
3,1,2021-08-20 10:57:51.500000+00:00,38.253952,37.118923,Medium,0,nback
3,1,2021-08-20 10:58:06.500000+00:00,38.582054,37.55786,Medium,0,nback
3,1,2021-08-20 10:58:21.500000+00:00,38.386333,37.806404,Medium,0,nback
3,1,2021-08-20 10:58:36.500000+00:00,38.41205,37.9881,Medium,0,nback
3,1,2021-08-20 10:58:51.500000+00:00,38.16642,38.041595,Medium,0,nback
3,1,2021-08-20 10:59:06.500000+00:00,38.313637,38.123207,Medium,0,nback
3,1,2021-08-20 10:59:21.500000+00:00,38.22039,38.152363,Medium,0,nback
3,1,2021-08-20 10:59:36.500000+00:00,38.818428,38.35218,Medium,0,nback
3,1,2021-08-20 10:59:51.500000+00:00,38.361755,38.355053,Medium,0,crt
3,1,2021-08-20 11:00:06.500000+00:00,38.136097,38.289368,Medium,0,crt
3,1,2021-08-20 11:00:21.500000+00:00,38.415546,38.32722,Medium,0,crt
3,1,2021-08-20 11:00:36.500000+00:00,38.199287,38.28884,Medium,0,crt
3,1,2021-08-20 11:00:51.500000+00:00,38.343304,38.30518,Medium,0,crt
3,1,2021-08-20 11:01:06.500000+00:00,38.418407,38.33915,Medium,0,nback
3,1,2021-08-20 11:01:21.500000+00:00,38.224632,38.304794,Medium,0,nback
3,1,2021-08-20 11:01:36.500000+00:00,38.864037,38.47257,Medium,0,nback
3,1,2021-08-20 11:01:51.500000+00:00,37.96814,38.32124,Medium,0,nback
3,1,2021-08-20 11:02:06.500000+00:00,38.661194,38.423225,Medium,0,nback
3,1,2021-08-20 11:02:21.500000+00:00,38.304726,38.387676,Medium,0,nback
3,1,2021-08-20 11:02:36.500000+00:00,38.32594,38.369156,Medium,0,nback
3,1,2021-08-20 11:02:51.500000+00:00,38.76839,38.488926,Medium,0,nback
3,1,2021-08-20 11:03:06.500000+00:00,38.469242,38.48302,Medium,0,nback
3,1,2021-08-20 11:03:21.500000+00:00,38.275894,38.420883,Medium,0,nback
3,1,2021-08-20 11:03:36.500000+00:00,38.265663,38.374317,Medium,0,nback
3,1,2021-08-20 11:03:51.500000+00:00,36.678753,37.865646,Medium,0,nback
3,1,2021-08-20 11:04:06.500000+00:00,36.575184,37.478508,Medium,0,nback
3,1,2021-08-20 11:04:21.500000+00:00,36.892494,37.302704,Medium,0,nback
3,1,2021-08-20 11:04:36.500000+00:00,37.2047,37.273304,Medium,0,nback
3,1,2021-08-20 11:04:51.500000+00:00,36.8689,37.151985,Medium,0,nback
3,1,2021-08-20 11:05:06.500000+00:00,36.55383,36.972538,Medium,0,nback
3,1,2021-08-20 11:05:21.500000+00:00,36.25165,36.75627,Medium,0,nback
3,1,2021-08-20 11:05:36.500000+00:00,37.73551,37.05004,Medium,0,nback
3,1,2021-08-20 11:05:51.500000+00:00,36.942436,37.01776,Medium,0,nback
3,1,2021-08-20 11:06:06.500000+00:00,37.33475,37.112858,Medium,0,nback
3,1,2021-08-20 11:06:21.500000+00:00,36.95687,37.066063,Medium,0,nback
3,1,2021-08-20 11:06:36.500000+00:00,36.669033,36.946953,Medium,0,nback
3,1,2021-08-20 11:06:51.500000+00:00,36.649338,36.85767,Medium,0,nback
3,1,2021-08-20 11:07:06.500000+00:00,36.503716,36.751484,Medium,0,nback
3,1,2021-08-20 11:07:21.500000+00:00,36.735516,36.746693,Medium,0,nback
3,1,2021-08-20 11:07:36.500000+00:00,36.799995,36.762684,Medium,0,nback
3,1,2021-08-20 11:07:51.500000+00:00,36.743755,36.757004,Medium,0,crt
3,1,2021-08-20 11:08:06.500000+00:00,36.896393,36.79882,Medium,0,crt
3,1,2021-08-20 11:08:21.500000+00:00,36.848785,36.813812,Medium,0,crt
3,1,2021-08-20 11:08:36.500000+00:00,36.536858,36.73073,Medium,0,crt
3,1,2021-08-20 11:08:51.500000+00:00,36.614704,36.695923,Medium,0,crt
3,1,2021-08-20 11:09:06.500000+00:00,36.228592,36.555725,Medium,0,crt
3,1,2021-08-20 11:09:21.500000+00:00,35.28917,36.17576,Medium,0,crt
3,2,2021-08-24 10:19:53.500000+00:00,21.68295,31.827915,Low,0,baseline
3,2,2021-08-24 10:20:08.500000+00:00,21.256048,28.656357,Low,0,baseline
3,2,2021-08-24 10:20:23.500000+00:00,21.758377,26.586964,Low,0,baseline
3,2,2021-08-24 10:20:38.500000+00:00,21.711622,25.124361,Low,0,baseline
3,2,2021-08-24 10:20:53.500000+00:00,21.827526,24.135311,Low,0,baseline
3,2,2021-08-24 10:21:08.500000+00:00,22.351048,23.600033,Low,0,baseline
3,2,2021-08-24 10:21:23.500000+00:00,21.217285,22.885208,Low,0,baseline
3,2,2021-08-24 10:21:38.500000+00:00,21.575146,22.49219,Low,0,baseline
3,2,2021-08-24 10:21:53.500000+00:00,21.385736,22.160254,Low,0,baseline
3,2,2021-08-24 10:22:08.500000+00:00,21.51115,21.965523,Low,0,baseline
3,2,2021-08-24 10:22:23.500000+00:00,22.169346,22.02667,Low,0,baseline
3,2,2021-08-24 10:22:38.500000+00:00,21.516283,21.873554,Low,0,baseline
3,2,2021-08-24 10:22:53.500000+00:00,21.274652,21.693884,Low,0,baseline
3,2,2021-08-24 10:23:08.500000+00:00,21.455492,21.622366,Low,0,crt
3,2,2021-08-24 10:23:23.500000+00:00,22.025097,21.743185,Low,0,crt
3,2,2021-08-24 10:23:38.500000+00:00,21.817173,21.76538,Low,0,crt
3,2,2021-08-24 10:23:53.500000+00:00,21.38719,21.651924,Low,0,crt
3,2,2021-08-24 10:24:08.500000+00:00,21.999111,21.75608,Low,0,crt
3,2,2021-08-24 10:24:23.500000+00:00,21.661573,21.72773,Low,0,nback
3,2,2021-08-24 10:24:38.500000+00:00,21.553946,21.675594,Low,0,nback
3,2,2021-08-24 10:24:53.500000+00:00,20.950476,21.458057,Low,0,nback
3,2,2021-08-24 10:25:08.500000+00:00,21.72202,21.537247,Low,0,nback
3,2,2021-08-24 10:25:23.500000+00:00,21.647058,21.57019,Low,0,nback
3,2,2021-08-24 10:25:38.500000+00:00,21.738605,21.620716,Low,0,nback
3,2,2021-08-24 10:25:53.500000+00:00,21.698383,21.644016,Low,0,nback
3,2,2021-08-24 10:26:08.500000+00:00,21.74487,21.674273,Low,0,nback
3,2,2021-08-24 10:26:23.500000+00:00,28.805382,23.813606,Low,0,nback
3,2,2021-08-24 10:26:38.500000+00:00,28.433079,25.199448,Low,0,nback
3,2,2021-08-24 10:26:53.500000+00:00,28.237211,26.110775,Low,0,nback
3,2,2021-08-24 10:27:08.500000+00:00,28.74169,26.90005,Low,0,nback
3,2,2021-08-24 10:27:23.500000+00:00,28.551964,27.395624,Low,0,nback
3,2,2021-08-24 10:27:38.500000+00:00,28.551306,27.742329,Low,0,nback
3,2,2021-08-24 10:27:53.500000+00:00,28.678009,28.023033,Low,0,nback
3,2,2021-08-24 10:28:08.500000+00:00,28.545664,28.179823,Low,0,nback
3,2,2021-08-24 10:28:23.500000+00:00,28.244764,28.199306,Low,0,nback
3,2,2021-08-24 10:28:38.500000+00:00,28.70592,28.35129,Low,0,nback
3,2,2021-08-24 10:28:53.500000+00:00,29.284653,28.6313,Low,0,nback
3,2,2021-08-24 10:29:08.500000+00:00,28.825216,28.689476,Low,0,nback
3,2,2021-08-24 10:29:23.500000+00:00,28.491848,28.630188,Low,0,nback
3,2,2021-08-24 10:29:38.500000+00:00,28.528429,28.59966,Low,0,crt
3,2,2021-08-24 10:29:53.500000+00:00,28.711445,28.633196,Low,0,crt
3,2,2021-08-24 10:30:08.500000+00:00,28.767603,28.67352,Low,0,crt
3,2,2021-08-24 10:30:23.500000+00:00,28.615757,28.656189,Low,0,crt
3,2,2021-08-24 10:30:38.500000+00:00,28.705044,28.670845,Low,0,crt
3,2,2021-08-24 10:30:53.500000+00:00,28.688612,28.676174,Low,0,nback
3,2,2021-08-24 10:31:08.500000+00:00,28.659954,28.671309,Low,0,nback
3,2,2021-08-24 10:31:23.500000+00:00,28.566496,28.639866,Low,0,nback
3,2,2021-08-24 10:31:38.500000+00:00,28.681894,28.652473,Low,0,nback
3,2,2021-08-24 10:31:53.500000+00:00,28.480501,28.60088,Low,0,nback
3,2,2021-08-24 10:32:08.500000+00:00,28.691208,28.627977,Low,0,nback
3,2,2021-08-24 10:32:23.500000+00:00,28.62175,28.626108,Low,0,nback
3,2,2021-08-24 10:32:38.500000+00:00,28.629717,28.62719,Low,0,nback
3,2,2021-08-24 10:32:53.500000+00:00,28.862808,28.697876,Low,0,nback
3,2,2021-08-24 10:33:08.500000+00:00,28.006716,28.490528,Low,0,nback
3,2,2021-08-24 10:33:23.500000+00:00,28.39746,28.462608,Low,0,nback
3,2,2021-08-24 10:33:38.500000+00:00,28.571388,28.495243,Low,0,nback
3,2,2021-08-24 10:33:53.500000+00:00,28.587276,28.522854,Low,0,nback
3,2,2021-08-24 10:34:08.500000+00:00,28.261438,28.44443,Low,0,nback
3,2,2021-08-24 10:34:23.500000+00:00,28.696796,28.52014,Low,0,nback
3,2,2021-08-24 10:34:38.500000+00:00,28.381979,28.478691,Low,0,nback
3,2,2021-08-24 10:34:53.500000+00:00,28.469872,28.476046,Low,0,nback
3,2,2021-08-24 10:35:08.500000+00:00,28.509502,28.486082,Low,0,nback
3,2,2021-08-24 10:35:23.500000+00:00,28.365856,28.450016,Low,0,nback
3,2,2021-08-24 10:35:38.500000+00:00,28.463957,28.454197,Low,0,nback
3,2,2021-08-24 10:35:53.500000+00:00,28.334541,28.4183,Low,0,nback
3,2,2021-08-24 10:36:08.500000+00:00,28.146479,28.336754,Low,0,nback
3,2,2021-08-24 10:36:23.500000+00:00,28.532558,28.395496,Low,0,nback
3,2,2021-08-24 10:36:38.500000+00:00,27.906599,28.248825,Low,0,crt
3,2,2021-08-24 10:36:53.500000+00:00,28.24994,28.24916,Low,0,crt
3,2,2021-08-24 10:37:08.500000+00:00,28.328419,28.272938,Low,0,crt
3,2,2021-08-24 10:37:23.500000+00:00,28.699343,28.40086,Low,0,crt
3,2,2021-08-24 10:37:38.500000+00:00,28.972822,28.572449,Low,0,crt
3,2,2021-08-24 10:37:53.500000+00:00,28.399729,28.520634,Low,0,nback
3,2,2021-08-24 10:38:08.500000+00:00,28.689749,28.57137,Low,0,nback
3,3,2021-08-27 10:11:37.500000+00:00,15.73858,24.721533,Low,0,baseline
3,3,2021-08-27 10:11:52.500000+00:00,15.746129,22.028912,Low,0,baseline
3,3,2021-08-27 10:12:07.500000+00:00,15.78005,20.154253,Low,0,baseline
3,3,2021-08-27 10:12:22.500000+00:00,15.765535,18.837639,Low,0,baseline
3,3,2021-08-27 10:12:37.500000+00:00,15.5417385,17.84887,Low,0,baseline
3,3,2021-08-27 10:12:52.500000+00:00,15.4583845,17.131723,Low,0,baseline
3,3,2021-08-27 10:13:07.500000+00:00,15.561456,16.660645,Low,0,baseline
3,3,2021-08-27 10:13:22.500000+00:00,15.67184,16.364002,Low,0,baseline
3,3,2021-08-27 10:13:37.500000+00:00,15.720497,16.170952,Low,0,baseline
3,3,2021-08-27 10:13:52.500000+00:00,15.5011425,15.970009,Low,0,baseline
3,3,2021-08-27 10:14:07.500000+00:00,15.756815,15.90605,Low,0,baseline
3,3,2021-08-27 10:14:22.500000+00:00,15.79648,15.8731785,Low,0,baseline
3,3,2021-08-27 10:14:37.500000+00:00,15.433494,15.741274,Low,0,baseline
3,3,2021-08-27 10:14:52.500000+00:00,15.664861,15.718349,Low,0,crt
3,3,2021-08-27 10:15:07.500000+00:00,15.555212,15.669409,Low,0,crt
3,3,2021-08-27 10:15:22.500000+00:00,15.671522,15.670043,Low,0,crt
3,3,2021-08-27 10:15:37.500000+00:00,15.959823,15.756977,Low,0,crt
3,3,2021-08-27 10:15:52.500000+00:00,15.76016,15.757932,Low,0,nback
3,3,2021-08-27 10:16:07.500000+00:00,15.79779,15.769889,Low,0,nback
3,3,2021-08-27 10:16:22.500000+00:00,15.614725,15.72334,Low,0,nback
3,3,2021-08-27 10:16:37.500000+00:00,15.747686,15.730644,Low,0,nback
3,3,2021-08-27 10:16:52.500000+00:00,15.517668,15.666752,Low,0,nback
3,3,2021-08-27 10:17:07.500000+00:00,15.743121,15.689663,Low,0,nback
3,3,2021-08-27 10:17:22.500000+00:00,15.477648,15.626059,Low,0,nback
3,3,2021-08-27 10:17:37.500000+00:00,15.46466,15.577639,Low,0,nback
3,3,2021-08-27 10:17:52.500000+00:00,16.655539,15.901009,Low,0,nback
3,3,2021-08-27 10:18:07.500000+00:00,29.977602,20.123987,Low,0,nback
3,3,2021-08-27 10:18:22.500000+00:00,30.274368,23.169102,Low,0,nback
3,3,2021-08-27 10:18:37.500000+00:00,30.16246,25.267109,Low,0,nback
3,3,2021-08-27 10:18:52.500000+00:00,30.384415,26.8023,Low,0,nback
3,3,2021-08-27 10:19:07.500000+00:00,29.778326,27.695108,Low,0,nback
3,3,2021-08-27 10:19:22.500000+00:00,30.09261,28.41436,Low,0,nback
3,3,2021-08-27 10:19:37.500000+00:00,30.574022,29.062258,Low,0,nback
3,3,2021-08-27 10:19:52.500000+00:00,30.134325,29.383877,Low,0,nback
3,3,2021-08-27 10:20:07.500000+00:00,30.45966,29.706612,Low,0,nback
3,3,2021-08-27 10:20:22.500000+00:00,30.39871,29.914242,Low,0,nback
3,3,2021-08-27 10:20:37.500000+00:00,30.348337,30.04447,Low,0,nback
3,3,2021-08-27 10:20:52.500000+00:00,30.372036,30.142738,Low,0,nback
3,3,2021-08-27 10:21:07.500000+00:00,30.252714,30.175732,Low,0,nback
3,3,2021-08-27 10:21:22.500000+00:00,30.609772,30.305944,Low,0,nback
3,3,2021-08-27 10:21:37.500000+00:00,30.408243,30.336636,Low,0,crt
3,3,2021-08-27 10:21:52.500000+00:00,30.252419,30.31137,Low,0,crt
3,3,2021-08-27 10:22:07.500000+00:00,30.257284,30.295143,Low,0,crt
3,3,2021-08-27 10:22:22.500000+00:00,30.372517,30.318356,Low,0,crt
3,3,2021-08-27 10:22:37.500000+00:00,30.42067,30.34905,Low,0,nback
3,3,2021-08-27 10:22:52.500000+00:00,30.80911,30.487068,Low,0,nback
3,3,2021-08-27 10:23:07.500000+00:00,30.40344,30.46198,Low,0,nback
3,3,2021-08-27 10:23:22.500000+00:00,30.30951,30.41624,Low,0,nback
3,3,2021-08-27 10:23:37.500000+00:00,30.29601,30.380173,Low,0,nback
3,3,2021-08-27 10:23:52.500000+00:00,30.290554,30.353287,Low,0,nback
3,3,2021-08-27 10:24:07.500000+00:00,30.647648,30.441597,Low,0,nback
3,3,2021-08-27 10:24:22.500000+00:00,29.890957,30.276405,Low,0,nback
3,3,2021-08-27 10:24:37.500000+00:00,19.541864,27.056042,Low,0,nback
3,3,2021-08-27 10:24:52.500000+00:00,19.696133,24.848068,Low,0,nback
3,3,2021-08-27 10:25:07.500000+00:00,19.784128,23.328888,Low,0,nback
3,3,2021-08-27 10:25:22.500000+00:00,19.440245,22.162294,Low,0,nback
3,3,2021-08-27 10:25:37.500000+00:00,19.428097,21.342035,Low,0,nback
3,3,2021-08-27 10:25:52.500000+00:00,20.076572,20.962397,Low,0,nback
3,3,2021-08-27 10:26:07.500000+00:00,19.61427,20.557959,Low,0,nback
3,3,2021-08-27 10:26:22.500000+00:00,19.432283,20.220257,Low,0,nback
3,3,2021-08-27 10:26:37.500000+00:00,18.787193,19.790337,Low,0,nback
3,3,2021-08-27 10:26:52.500000+00:00,19.578083,19.72666,Low,0,nback
3,3,2021-08-27 10:27:07.500000+00:00,19.788015,19.745066,Low,0,nback
3,3,2021-08-27 10:27:22.500000+00:00,19.469837,19.662497,Low,0,nback
3,3,2021-08-27 10:27:37.500000+00:00,19.507605,19.616028,Low,0,crt
3,3,2021-08-27 10:27:52.500000+00:00,19.441956,19.563807,Low,0,crt
3,3,2021-08-27 10:28:07.500000+00:00,20.163588,19.74374,Low,0,crt
3,3,2021-08-27 10:28:22.500000+00:00,19.832014,19.770222,Low,0,crt
3,3,2021-08-27 10:28:37.500000+00:00,19.747932,19.763535,Low,0,crt
3,3,2021-08-27 10:28:52.500000+00:00,19.802595,19.775253,Low,0,nback
3,3,2021-08-27 10:29:07.500000+00:00,19.84343,19.795706,Low,0,nback
4,1,2021-08-23 08:56:53.500000+00:00,11.388957,17.273682,Low,0,baseline
4,1,2021-08-23 08:57:08.500000+00:00,11.531858,15.551134,Low,0,baseline
4,1,2021-08-23 08:57:23.500000+00:00,11.612709,14.369606,Low,0,baseline
4,1,2021-08-23 08:57:38.500000+00:00,11.635462,13.549363,Low,0,baseline
4,1,2021-08-23 08:57:53.500000+00:00,11.752785,13.010389,Low,0,baseline
4,1,2021-08-23 08:58:08.500000+00:00,11.011107,12.4106045,Low,0,baseline
4,1,2021-08-23 08:58:23.500000+00:00,13.142162,12.630072,Low,0,baseline
4,1,2021-08-23 08:58:38.500000+00:00,12.255342,12.5176525,Low,0,baseline
4,1,2021-08-23 08:58:53.500000+00:00,11.924643,12.339749,Low,0,baseline
4,1,2021-08-23 08:59:08.500000+00:00,11.619655,12.12372,Low,0,baseline
4,1,2021-08-23 08:59:23.500000+00:00,11.978596,12.080183,Low,0,baseline
4,1,2021-08-23 08:59:38.500000+00:00,11.39224,11.8738,Low,0,baseline
4,1,2021-08-23 08:59:53.500000+00:00,12.027404,11.919881,Low,0,baseline
4,1,2021-08-23 09:00:08.500000+00:00,11.455675,11.78062,Low,0,baseline
4,1,2021-08-23 09:00:23.500000+00:00,11.613897,11.730602,Low,0,baseline
4,1,2021-08-23 09:00:38.500000+00:00,12.571566,11.982891,Low,0,baseline
4,1,2021-08-23 09:00:53.500000+00:00,12.689681,12.194928,Low,0,baseline
4,1,2021-08-23 09:01:08.500000+00:00,10.617274,11.721632,Low,0,baseline
4,1,2021-08-23 09:01:23.500000+00:00,12.117859,11.8405,Low,0,crt
4,1,2021-08-23 09:01:38.500000+00:00,11.945691,11.872058,Low,0,crt
4,1,2021-08-23 09:01:53.500000+00:00,12.154223,11.956707,Low,0,crt
4,1,2021-08-23 09:02:08.500000+00:00,11.113236,11.703666,Low,0,crt
4,1,2021-08-23 09:02:23.500000+00:00,12.493069,11.940487,Low,0,crt
4,1,2021-08-23 09:02:38.500000+00:00,13.526755,12.416367,Low,0,crt
4,1,2021-08-23 09:02:53.500000+00:00,12.373509,12.40351,Low,0,nback
4,1,2021-08-23 09:03:08.500000+00:00,11.443405,12.1154785,Low,0,nback
4,1,2021-08-23 09:03:23.500000+00:00,13.454375,12.517147,Low,0,nback
4,1,2021-08-23 09:03:38.500000+00:00,11.971847,12.353558,Low,0,nback
4,1,2021-08-23 09:03:53.500000+00:00,12.439305,12.379282,Low,0,nback
4,1,2021-08-23 09:04:08.500000+00:00,10.649511,11.860351,Low,0,nback
4,1,2021-08-23 09:04:23.500000+00:00,11.987529,11.898504,Low,0,nback
4,1,2021-08-23 09:04:38.500000+00:00,12.6375885,12.12023,Low,0,nback
4,1,2021-08-23 09:04:53.500000+00:00,11.539392,11.945978,Low,0,nback
4,1,2021-08-23 09:05:08.500000+00:00,12.55131,12.127578,Low,0,nback
4,1,2021-08-23 09:05:23.500000+00:00,11.028051,11.79772,Low,0,nback
4,1,2021-08-23 09:05:38.500000+00:00,10.75847,11.485945,Low,0,nback
4,1,2021-08-23 09:05:53.500000+00:00,13.172468,11.991901,Low,0,nback
4,1,2021-08-23 09:06:08.500000+00:00,11.022751,11.701157,Low,0,nback
4,1,2021-08-23 09:06:23.500000+00:00,11.879175,11.754562,Low,0,nback
4,1,2021-08-23 09:06:38.500000+00:00,12.542584,11.990969,Low,0,nback
4,1,2021-08-23 09:06:53.500000+00:00,11.449683,11.828583,Low,0,nback
4,1,2021-08-23 09:07:08.500000+00:00,12.561703,12.048518,Low,0,nback
4,1,2021-08-23 09:07:23.500000+00:00,11.374007,11.846165,Low,0,nback
4,1,2021-08-23 09:07:38.500000+00:00,11.693383,11.800331,Low,0,nback
4,1,2021-08-23 09:07:53.500000+00:00,11.285571,11.645904,Low,0,nback
4,1,2021-08-23 09:08:08.500000+00:00,11.762741,11.680954,Low,0,nback
4,1,2021-08-23 09:08:23.500000+00:00,11.404386,11.597983,Low,0,nback
4,1,2021-08-23 09:08:38.500000+00:00,11.848053,11.673004,Low,0,nback
4,1,2021-08-23 09:08:53.500000+00:00,12.207004,11.833204,Low,0,nback
4,1,2021-08-23 09:09:08.500000+00:00,12.631502,12.072694,Low,0,nback
4,1,2021-08-23 09:09:23.500000+00:00,11.4943,11.899176,Low,0,nback
4,1,2021-08-23 09:09:38.500000+00:00,11.533289,11.78941,Low,0,nback
4,1,2021-08-23 09:09:53.500000+00:00,12.932265,12.132266,Low,0,nback
4,1,2021-08-23 09:10:08.500000+00:00,11.487908,11.938959,Low,0,nback
4,1,2021-08-23 09:10:23.500000+00:00,11.806681,11.899276,Low,0,nback
4,1,2021-08-23 09:10:38.500000+00:00,10.27986,11.41345,Low,0,nback
4,1,2021-08-23 09:10:53.500000+00:00,11.513477,11.443459,Low,0,crt
4,1,2021-08-23 09:11:08.500000+00:00,11.951075,11.595743,Low,0,crt
4,1,2021-08-23 09:11:23.500000+00:00,12.017592,11.722298,Low,0,crt
4,1,2021-08-23 09:11:38.500000+00:00,11.812339,11.7493105,Low,0,crt
4,1,2021-08-23 09:11:53.500000+00:00,11.990504,11.821669,Low,0,crt
4,1,2021-08-23 09:12:08.500000+00:00,11.375158,11.687716,Low,0,nback
4,1,2021-08-23 09:12:23.500000+00:00,11.375338,11.594002,Low,0,nback
4,1,2021-08-23 09:12:38.500000+00:00,11.665794,11.61554,Low,0,nback
4,1,2021-08-23 09:12:53.500000+00:00,12.953235,12.016848,Low,0,nback
4,1,2021-08-23 09:13:08.500000+00:00,12.516155,12.166639,Low,0,nback
4,1,2021-08-23 09:13:23.500000+00:00,12.272645,12.198441,Low,0,nback
4,1,2021-08-23 09:13:38.500000+00:00,12.022905,12.14578,Low,0,nback
4,1,2021-08-23 09:13:53.500000+00:00,11.4894,11.948866,Low,0,nback
4,1,2021-08-23 09:14:08.500000+00:00,11.937663,11.945505,Low,0,nback
4,1,2021-08-23 09:14:23.500000+00:00,12.780283,12.195938,Low,0,nback
4,1,2021-08-23 09:14:38.500000+00:00,11.777205,12.070318,Low,0,nback
4,1,2021-08-23 09:14:53.500000+00:00,11.790937,11.986504,Low,0,nback
4,1,2021-08-23 09:15:08.500000+00:00,13.020942,12.296835,Low,0,nback
4,1,2021-08-23 09:15:23.500000+00:00,14.125387,12.845401,Low,0,nback
4,1,2021-08-23 09:15:38.500000+00:00,13.414237,13.016052,Low,0,nback
4,1,2021-08-23 09:15:53.500000+00:00,14.287211,13.3974,Low,0,nback
4,1,2021-08-23 09:16:08.500000+00:00,29.318302,18.173672,Low,0,nback
4,1,2021-08-23 09:16:23.500000+00:00,30.594988,21.900066,Low,0,nback
4,1,2021-08-23 09:16:38.500000+00:00,31.259083,24.707771,Low,0,nback
4,1,2021-08-23 09:16:53.500000+00:00,32.474785,27.037874,Low,0,nback
4,1,2021-08-23 09:17:08.500000+00:00,31.416822,28.351559,Low,0,nback
4,1,2021-08-23 09:17:23.500000+00:00,31.363705,29.255203,Low,0,nback
4,1,2021-08-23 09:17:38.500000+00:00,31.432068,29.908262,Low,0,nback
4,1,2021-08-23 09:17:53.500000+00:00,30.071098,29.957113,Low,0,nback
4,1,2021-08-23 09:18:08.500000+00:00,30.530354,30.129086,Low,0,nback
4,1,2021-08-23 09:18:23.500000+00:00,31.399548,30.510223,Low,0,nback
4,1,2021-08-23 09:18:38.500000+00:00,31.952755,30.942984,Low,0,nback
4,1,2021-08-23 09:18:53.500000+00:00,31.692196,31.167747,Low,0,nback
4,1,2021-08-23 09:19:08.500000+00:00,31.141798,31.159962,Low,0,nback
4,1,2021-08-23 09:19:23.500000+00:00,32.29193,31.499554,Low,0,nback
4,1,2021-08-23 09:19:38.500000+00:00,31.732584,31.569462,Low,0,nback
4,1,2021-08-23 09:19:53.500000+00:00,32.098385,31.728138,Low,0,nback
4,1,2021-08-23 09:20:08.500000+00:00,31.819887,31.755661,Low,0,nback
4,1,2021-08-23 09:20:23.500000+00:00,32.169765,31.879892,Low,0,nback
4,1,2021-08-23 09:20:38.500000+00:00,31.750452,31.84106,Low,0,nback
4,1,2021-08-23 09:20:53.500000+00:00,31.562698,31.757553,Low,0,nback
4,1,2021-08-23 09:21:08.500000+00:00,31.182064,31.584908,Low,0,nback
4,1,2021-08-23 09:21:23.500000+00:00,30.545382,31.273048,Low,0,nback
4,1,2021-08-23 09:21:38.500000+00:00,31.058586,31.20871,Low,0,crt
4,1,2021-08-23 09:21:53.500000+00:00,31.113415,31.18012,Low,0,crt
4,1,2021-08-23 09:22:08.500000+00:00,30.476416,30.96901,Low,0,crt
4,1,2021-08-23 09:22:23.500000+00:00,31.702051,31.188923,Low,0,crt
4,1,2021-08-23 09:22:38.500000+00:00,30.266623,30.912231,Low,0,crt
4,1,2021-08-23 09:22:53.500000+00:00,30.562212,30.807224,Low,0,crt
4,1,2021-08-23 09:23:08.500000+00:00,31.49392,31.013233,Low,0,crt
4,2,2021-08-24 08:55:54.500000+00:00,9.577636,24.582554,Low,0,baseline
4,2,2021-08-24 08:56:09.500000+00:00,9.366364,20.017696,Low,0,baseline
4,2,2021-08-24 08:56:24.500000+00:00,9.518295,16.867876,Low,0,baseline
4,2,2021-08-24 08:56:39.500000+00:00,9.827357,14.75572,Low,0,baseline
4,2,2021-08-24 08:56:54.500000+00:00,9.4216,13.155484,Low,0,baseline
4,2,2021-08-24 08:57:09.500000+00:00,9.603362,12.089848,Low,0,baseline
4,2,2021-08-24 08:57:24.500000+00:00,9.240506,11.235045,Low,0,baseline
4,2,2021-08-24 08:57:39.500000+00:00,9.41887,10.690193,Low,0,baseline
4,2,2021-08-24 08:57:54.500000+00:00,9.313108,10.277068,Low,0,baseline
4,2,2021-08-24 08:58:09.500000+00:00,9.384266,10.009228,Low,0,baseline
4,2,2021-08-24 08:58:24.500000+00:00,9.206834,9.768509,Low,0,baseline
4,2,2021-08-24 08:58:39.500000+00:00,9.611131,9.721295,Low,0,baseline
4,2,2021-08-24 08:58:54.500000+00:00,9.621856,9.691463,Low,0,baseline
4,2,2021-08-24 08:59:09.500000+00:00,9.916626,9.759012,Low,0,crt
4,2,2021-08-24 08:59:24.500000+00:00,9.367014,9.641413,Low,0,crt
4,2,2021-08-24 08:59:39.500000+00:00,9.526373,9.606901,Low,0,crt
4,2,2021-08-24 08:59:54.500000+00:00,9.619398,9.61065,Low,0,crt
4,2,2021-08-24 09:00:09.500000+00:00,9.185642,9.483148,Low,0,crt
4,2,2021-08-24 09:00:24.500000+00:00,9.25052,9.413359,Low,0,nback
4,2,2021-08-24 09:00:39.500000+00:00,9.083141,9.314294,Low,0,nback
4,2,2021-08-24 09:00:54.500000+00:00,9.564746,9.389429,Low,0,nback
4,2,2021-08-24 09:01:09.500000+00:00,9.426699,9.40061,Low,0,nback
4,2,2021-08-24 09:01:24.500000+00:00,9.6564245,9.477354,Low,0,nback
4,2,2021-08-24 09:01:39.500000+00:00,9.55935,9.501953,Low,0,nback
4,2,2021-08-24 09:01:54.500000+00:00,9.387287,9.467553,Low,0,nback
4,2,2021-08-24 09:02:09.500000+00:00,9.278822,9.4109335,Low,0,nback
4,2,2021-08-24 09:02:24.500000+00:00,8.197601,9.046934,Low,0,nback
4,2,2021-08-24 09:02:39.500000+00:00,9.359389,9.140671,Low,0,nback
4,2,2021-08-24 09:02:54.500000+00:00,8.61269,8.982277,Low,0,nback
4,2,2021-08-24 09:03:09.500000+00:00,8.758029,8.915003,Low,0,nback
4,2,2021-08-24 09:03:24.500000+00:00,9.398181,9.059957,Low,0,nback
4,2,2021-08-24 09:03:39.500000+00:00,8.405272,8.863551,Low,0,nback
4,2,2021-08-24 09:03:54.500000+00:00,8.419155,8.730232,Low,0,nback
4,2,2021-08-24 09:04:09.500000+00:00,8.318194,8.606621,Low,0,nback
4,2,2021-08-24 09:04:24.500000+00:00,8.568688,8.595242,Low,0,nback
4,2,2021-08-24 09:04:39.500000+00:00,8.428088,8.545095,Low,0,nback
4,2,2021-08-24 09:04:54.500000+00:00,8.645925,8.575344,Low,0,nback
4,2,2021-08-24 09:05:09.500000+00:00,8.683093,8.607669,Low,0,nback
4,2,2021-08-24 09:05:24.500000+00:00,9.075516,8.748023,Low,0,nback
4,2,2021-08-24 09:05:39.500000+00:00,8.462415,8.66234,Low,0,crt
4,2,2021-08-24 09:05:54.500000+00:00,9.763052,8.992554,Low,0,crt
4,2,2021-08-24 09:06:09.500000+00:00,8.394051,8.813003,Low,0,crt
4,2,2021-08-24 09:06:24.500000+00:00,8.108632,8.601691,Low,0,crt
4,2,2021-08-24 09:06:39.500000+00:00,8.382301,8.535874,Low,0,crt
4,2,2021-08-24 09:06:54.500000+00:00,8.689284,8.581898,Low,0,nback
4,2,2021-08-24 09:07:09.500000+00:00,8.896748,8.676353,Low,0,nback
4,2,2021-08-24 09:07:24.500000+00:00,8.966626,8.763435,Low,0,nback
4,2,2021-08-24 09:07:39.500000+00:00,9.0147505,8.83883,Low,0,nback
4,2,2021-08-24 09:07:54.500000+00:00,8.568018,8.7575865,Low,0,nback
4,2,2021-08-24 09:08:09.500000+00:00,8.464236,8.669581,Low,0,nback
4,2,2021-08-24 09:08:24.500000+00:00,9.017825,8.774055,Low,0,nback
4,2,2021-08-24 09:08:39.500000+00:00,8.474606,8.684219,Low,0,nback
4,2,2021-08-24 09:08:54.500000+00:00,8.714487,8.693299,Low,0,nback
4,2,2021-08-24 09:09:09.500000+00:00,8.652384,8.681025,Low,0,nback
4,2,2021-08-24 09:09:24.500000+00:00,8.950264,8.761796,Low,0,nback
4,2,2021-08-24 09:09:39.500000+00:00,8.723627,8.750345,Low,0,nback
4,2,2021-08-24 09:09:54.500000+00:00,7.9505444,8.510405,Low,0,nback
4,2,2021-08-24 09:10:09.500000+00:00,8.795626,8.595971,Low,0,nback
4,2,2021-08-24 09:10:24.500000+00:00,8.729767,8.636109,Low,0,nback
4,2,2021-08-24 09:10:39.500000+00:00,8.733239,8.665249,Low,0,nback
4,2,2021-08-24 09:10:54.500000+00:00,8.566045,8.635488,Low,0,nback
4,2,2021-08-24 09:11:09.500000+00:00,8.646562,8.63881,Low,0,nback
4,2,2021-08-24 09:11:24.500000+00:00,9.068775,8.767799,Low,0,nback
4,2,2021-08-24 09:11:39.500000+00:00,18.301609,11.627942,Low,0,nback
4,2,2021-08-24 09:11:54.500000+00:00,18.303179,13.630514,Low,0,nback
4,2,2021-08-24 09:12:09.500000+00:00,18.612118,15.124995,Low,0,nback
4,2,2021-08-24 09:12:24.500000+00:00,17.532904,15.847368,Low,0,nback
4,2,2021-08-24 09:12:39.500000+00:00,17.632536,16.38292,Low,0,nback
4,2,2021-08-24 09:12:54.500000+00:00,18.539944,17.030025,Low,0,nback
4,2,2021-08-24 09:13:09.500000+00:00,18.437214,17.452183,Low,0,nback
4,2,2021-08-24 09:13:24.500000+00:00,18.504848,17.767982,Low,0,nback
4,2,2021-08-24 09:13:39.500000+00:00,18.244675,17.91099,Low,0,nback
4,2,2021-08-24 09:13:54.500000+00:00,18.224445,18.005028,Low,0,nback
4,2,2021-08-24 09:14:09.500000+00:00,18.181736,18.05804,Low,0,nback
4,2,2021-08-24 09:14:24.500000+00:00,18.766281,18.270512,Low,0,nback
4,2,2021-08-24 09:14:39.500000+00:00,18.43397,18.31955,Low,0,nback
4,2,2021-08-24 09:14:54.500000+00:00,18.42357,18.350756,Low,0,nback
4,2,2021-08-24 09:15:09.500000+00:00,18.110008,18.27853,Low,0,nback
4,2,2021-08-24 09:15:24.500000+00:00,18.536287,18.355858,Low,0,nback
4,2,2021-08-24 09:15:39.500000+00:00,18.664913,18.448574,Low,0,nback
4,2,2021-08-24 09:15:54.500000+00:00,18.502342,18.464705,Low,0,nback
4,2,2021-08-24 09:16:09.500000+00:00,18.451176,18.460646,Low,0,nback
4,2,2021-08-24 09:16:24.500000+00:00,18.663383,18.521467,Low,0,nback
4,2,2021-08-24 09:16:39.500000+00:00,18.693958,18.573215,Low,0,nback
4,2,2021-08-24 09:16:54.500000+00:00,18.771582,18.632725,Low,0,nback
4,2,2021-08-24 09:17:09.500000+00:00,18.429867,18.571867,Low,0,nback
4,2,2021-08-24 09:17:24.500000+00:00,18.567314,18.570501,Low,0,nback
4,2,2021-08-24 09:17:39.500000+00:00,18.363691,18.508457,Low,0,nback
4,2,2021-08-24 09:17:54.500000+00:00,18.640593,18.548098,Low,0,crt
4,2,2021-08-24 09:18:09.500000+00:00,18.665972,18.58346,Low,0,crt
4,2,2021-08-24 09:18:24.500000+00:00,18.458412,18.545946,Low,0,crt
4,2,2021-08-24 09:18:39.500000+00:00,18.476433,18.525093,Low,0,crt
4,2,2021-08-24 09:18:54.500000+00:00,17.90724,18.339737,Low,0,crt
4,2,2021-08-24 09:19:09.500000+00:00,18.313965,18.332005,Low,0,nback
4,2,2021-08-24 09:19:24.500000+00:00,17.901503,18.202854,Low,0,nback
4,3,2021-08-25 08:38:55.500000+00:00,34.94049,23.224144,Low,0,baseline
4,3,2021-08-25 08:39:10.500000+00:00,34.98771,26.753214,Low,0,baseline
4,3,2021-08-25 08:39:25.500000+00:00,35.07956,29.251118,Low,0,baseline
4,3,2021-08-25 08:39:40.500000+00:00,34.593872,30.853945,Low,0,baseline
4,3,2021-08-25 08:39:55.500000+00:00,35.743275,32.320744,Low,0,baseline
4,3,2021-08-25 08:40:10.500000+00:00,34.91222,33.098186,Medium,0,baseline
4,3,2021-08-25 08:40:25.500000+00:00,35.127453,33.706966,Medium,0,baseline
4,3,2021-08-25 08:40:40.500000+00:00,34.928673,34.07348,Medium,0,baseline
4,3,2021-08-25 08:40:55.500000+00:00,34.943623,34.334522,Medium,0,baseline
4,3,2021-08-25 08:41:10.500000+00:00,34.537117,34.3953,Medium,0,baseline
4,3,2021-08-25 08:41:25.500000+00:00,34.967823,34.56706,Medium,0,baseline
4,3,2021-08-25 08:41:40.500000+00:00,34.850975,34.652233,Medium,0,baseline
4,3,2021-08-25 08:41:55.500000+00:00,35.05957,34.774437,Medium,0,baseline
4,3,2021-08-25 08:42:10.500000+00:00,35.019054,34.847824,Medium,0,crt
4,3,2021-08-25 08:42:25.500000+00:00,35.161163,34.941826,Medium,0,crt
4,3,2021-08-25 08:42:40.500000+00:00,35.116314,34.99417,Medium,0,crt
4,3,2021-08-25 08:42:55.500000+00:00,35.228638,35.064514,Medium,0,crt
4,3,2021-08-25 08:43:10.500000+00:00,35.331676,35.144665,Medium,0,nback
4,3,2021-08-25 08:43:25.500000+00:00,34.901096,35.071594,Medium,0,nback
4,3,2021-08-25 08:43:40.500000+00:00,34.80495,34.9916,Medium,0,nback
4,3,2021-08-25 08:43:55.500000+00:00,34.89487,34.96258,Medium,0,nback
4,3,2021-08-25 08:44:10.500000+00:00,34.888184,34.94026,Medium,0,nback
4,3,2021-08-25 08:44:25.500000+00:00,35.03808,34.96961,Medium,0,nback
4,3,2021-08-25 08:44:40.500000+00:00,35.07441,35.00105,Medium,0,nback
4,3,2021-08-25 08:44:55.500000+00:00,34.890835,34.967987,Medium,0,nback
4,3,2021-08-25 08:45:10.500000+00:00,35.318,35.07299,Medium,0,nback
4,3,2021-08-25 08:45:25.500000+00:00,35.816788,35.296127,Medium,0,nback
4,3,2021-08-25 08:45:40.500000+00:00,35.70231,35.417984,Medium,0,nback
4,3,2021-08-25 08:45:55.500000+00:00,35.259396,35.370407,Medium,0,nback
4,3,2021-08-25 08:46:10.500000+00:00,35.62256,35.446053,Medium,0,nback
4,3,2021-08-25 08:46:25.500000+00:00,35.632206,35.5019,Medium,0,nback
4,3,2021-08-25 08:46:40.500000+00:00,35.72341,35.56835,Medium,0,nback
4,3,2021-08-25 08:46:55.500000+00:00,35.36996,35.508835,Medium,0,nback
4,3,2021-08-25 08:47:10.500000+00:00,35.476257,35.49906,Medium,0,nback
4,3,2021-08-25 08:47:25.500000+00:00,35.49319,35.4973,Medium,0,nback
4,3,2021-08-25 08:47:40.500000+00:00,35.255844,35.424862,Medium,0,nback
4,3,2021-08-25 08:47:55.500000+00:00,35.504307,35.448696,Medium,0,nback
4,3,2021-08-25 08:48:10.500000+00:00,35.70683,35.52614,Medium,0,crt
4,3,2021-08-25 08:48:25.500000+00:00,35.763336,35.597298,Medium,0,crt
4,3,2021-08-25 08:48:40.500000+00:00,35.699776,35.62804,Medium,0,crt
4,3,2021-08-25 08:48:55.500000+00:00,35.48124,35.584,Medium,0,crt
4,3,2021-08-25 08:49:10.500000+00:00,35.17382,35.460945,Medium,0,nback
4,3,2021-08-25 08:49:25.500000+00:00,35.793182,35.560616,Medium,0,nback
4,3,2021-08-25 08:49:40.500000+00:00,35.415333,35.517033,Medium,0,nback
4,3,2021-08-25 08:49:55.500000+00:00,35.93007,35.640945,Medium,0,nback
4,3,2021-08-25 08:50:10.500000+00:00,35.68361,35.653744,Medium,0,nback
4,3,2021-08-25 08:50:25.500000+00:00,35.71842,35.673145,Medium,0,nback
4,3,2021-08-25 08:50:40.500000+00:00,35.72198,35.687798,Medium,0,nback
4,3,2021-08-25 08:50:55.500000+00:00,35.621586,35.667934,Medium,0,nback
4,3,2021-08-25 08:51:10.500000+00:00,35.692177,35.67521,Medium,0,nback
4,3,2021-08-25 08:51:25.500000+00:00,59.500282,42.82273,Medium,0,nback
4,3,2021-08-25 08:51:40.500000+00:00,58.90601,47.647717,Medium,0,nback
4,3,2021-08-25 08:51:55.500000+00:00,59.49554,51.202065,Medium,0,nback
4,3,2021-08-25 08:52:10.500000+00:00,59.813877,53.78561,Medium,0,nback
4,3,2021-08-25 08:52:25.500000+00:00,59.454754,55.48635,Medium,0,nback
4,3,2021-08-25 08:52:40.500000+00:00,59.527718,56.69876,Medium,0,nback
4,3,2021-08-25 08:52:55.500000+00:00,59.51044,57.542267,Medium,0,nback
4,3,2021-08-25 08:53:10.500000+00:00,59.429417,58.108414,Medium,0,nback
4,3,2021-08-25 08:53:25.500000+00:00,59.06916,58.396637,Medium,0,nback
4,3,2021-08-25 08:53:40.500000+00:00,59.37612,58.690483,Medium,0,nback
4,3,2021-08-25 08:53:55.500000+00:00,59.279972,58.86733,Medium,0,nback
4,3,2021-08-25 08:54:10.500000+00:00,59.24163,58.97962,Medium,0,nback
4,3,2021-08-25 08:54:25.500000+00:00,59.22685,59.05379,Medium,0,nback
4,3,2021-08-25 08:54:40.500000+00:00,59.27712,59.12079,Medium,0,nback
4,3,2021-08-25 08:54:55.500000+00:00,59.169014,59.135258,Medium,0,crt
4,3,2021-08-25 08:55:10.500000+00:00,58.767315,59.024876,Medium,0,crt
4,3,2021-08-25 08:55:25.500000+00:00,58.825916,58.965187,Medium,0,crt
4,3,2021-08-25 08:55:40.500000+00:00,59.183624,59.03072,Medium,0,crt
4,3,2021-08-25 08:55:55.500000+00:00,59.53467,59.181908,Medium,0,nback
4,3,2021-08-25 08:56:10.500000+00:00,59.6367,59.318344,Medium,0,nback
4,3,2021-08-25 08:56:25.500000+00:00,59.04924,59.23761,Medium,0,nback
5,1,2021-08-23 13:20:14.500000+00:00,25.948694,49.250935,Medium,0,baseline
5,1,2021-08-23 13:20:29.500000+00:00,26.552269,42.441338,Medium,0,baseline
5,1,2021-08-23 13:20:44.500000+00:00,26.066826,37.528984,Medium,0,baseline
5,1,2021-08-23 13:20:59.500000+00:00,26.327435,34.168518,Medium,0,baseline
5,1,2021-08-23 13:21:14.500000+00:00,26.46182,31.85651,Low,0,baseline
5,1,2021-08-23 13:21:29.500000+00:00,25.022564,29.806326,Low,0,baseline
5,1,2021-08-23 13:21:44.500000+00:00,25.43844,28.49596,Low,0,baseline
5,1,2021-08-23 13:21:59.500000+00:00,25.728716,27.665787,Low,0,baseline
5,1,2021-08-23 13:22:14.500000+00:00,26.230268,27.235132,Low,0,baseline
5,1,2021-08-23 13:22:29.500000+00:00,26.243092,26.93752,Low,0,baseline
5,1,2021-08-23 13:22:44.500000+00:00,26.375484,26.768908,Low,0,baseline
5,1,2021-08-23 13:22:59.500000+00:00,26.069378,26.55905,Low,0,baseline
5,1,2021-08-23 13:23:14.500000+00:00,26.336084,26.49216,Low,0,baseline
5,1,2021-08-23 13:23:29.500000+00:00,26.42491,26.471985,Low,0,baseline
5,1,2021-08-23 13:23:44.500000+00:00,25.986189,26.326246,Low,0,baseline
5,1,2021-08-23 13:23:59.500000+00:00,26.29026,26.315449,Low,0,baseline
5,1,2021-08-23 13:24:14.500000+00:00,26.21092,26.284092,Low,0,crt
5,1,2021-08-23 13:24:29.500000+00:00,26.390385,26.31598,Low,0,crt
5,1,2021-08-23 13:24:44.500000+00:00,26.279055,26.304903,Low,0,crt
5,1,2021-08-23 13:24:59.500000+00:00,26.669731,26.41435,Low,0,crt
5,1,2021-08-23 13:25:14.500000+00:00,25.799097,26.229774,Low,0,crt
5,1,2021-08-23 13:25:29.500000+00:00,26.257536,26.238102,Low,0,nback
5,1,2021-08-23 13:25:44.500000+00:00,26.337505,26.267921,Low,0,nback
5,1,2021-08-23 13:25:59.500000+00:00,25.80646,26.129482,Low,0,nback
5,1,2021-08-23 13:26:14.500000+00:00,25.834126,26.040876,Low,0,nback
5,1,2021-08-23 13:26:29.500000+00:00,25.975195,26.021172,Low,0,nback
5,1,2021-08-23 13:26:44.500000+00:00,26.047607,26.029102,Low,0,nback
5,1,2021-08-23 13:26:59.500000+00:00,25.745663,25.94407,Low,0,nback
5,1,2021-08-23 13:27:14.500000+00:00,25.956594,25.947826,Low,0,nback
5,1,2021-08-23 13:27:29.500000+00:00,25.985537,25.95914,Low,0,nback
5,1,2021-08-23 13:27:44.500000+00:00,26.458126,26.108837,Low,0,nback
5,1,2021-08-23 13:27:59.500000+00:00,26.105282,26.10777,Low,0,nback
5,1,2021-08-23 13:28:14.500000+00:00,19.435934,24.10622,Low,0,nback
5,1,2021-08-23 13:28:29.500000+00:00,19.561815,22.742897,Low,0,nback
5,1,2021-08-23 13:28:44.500000+00:00,19.542967,21.782917,Low,0,nback
5,1,2021-08-23 13:28:59.500000+00:00,20.248035,21.322453,Low,0,nback
5,1,2021-08-23 13:29:14.500000+00:00,19.192312,20.68341,Low,0,nback
5,1,2021-08-23 13:29:29.500000+00:00,19.214533,20.242746,Low,0,nback
5,1,2021-08-23 13:29:44.500000+00:00,19.369436,19.980753,Low,0,nback
5,1,2021-08-23 13:29:59.500000+00:00,19.418228,19.811995,Low,0,nback
5,1,2021-08-23 13:30:14.500000+00:00,19.178991,19.622093,Low,0,nback
5,1,2021-08-23 13:30:29.500000+00:00,19.386814,19.55151,Low,0,nback
5,1,2021-08-23 13:30:44.500000+00:00,19.545893,19.549826,Low,0,nback
5,1,2021-08-23 13:30:59.500000+00:00,19.272896,19.466747,Low,0,nback
5,1,2021-08-23 13:31:14.500000+00:00,19.474743,19.469147,Low,0,nback
5,1,2021-08-23 13:31:29.500000+00:00,19.411928,19.45198,Low,0,nback
5,1,2021-08-23 13:31:44.500000+00:00,19.439861,19.448345,Low,0,nback
5,1,2021-08-23 13:31:59.500000+00:00,19.447014,19.447945,Low,0,nback
5,1,2021-08-23 13:32:14.500000+00:00,19.457617,19.450846,Low,0,nback
5,1,2021-08-23 13:32:29.500000+00:00,19.30597,19.407383,Low,0,nback
5,1,2021-08-23 13:32:44.500000+00:00,19.380392,19.399286,Low,0,crt
5,1,2021-08-23 13:32:59.500000+00:00,19.61186,19.463058,Low,0,crt
5,1,2021-08-23 13:33:14.500000+00:00,19.501272,19.474522,Low,0,crt
5,1,2021-08-23 13:33:29.500000+00:00,19.905584,19.60384,Low,0,crt
5,1,2021-08-23 13:33:44.500000+00:00,19.318687,19.518295,Low,0,nback
5,1,2021-08-23 13:33:59.500000+00:00,19.833189,19.612762,Low,0,nback
5,1,2021-08-23 13:34:14.500000+00:00,19.891287,19.69632,Low,0,nback
5,1,2021-08-23 13:34:29.500000+00:00,18.723288,19.40441,Low,0,nback
5,1,2021-08-23 13:34:44.500000+00:00,19.351143,19.38843,Low,0,nback
5,1,2021-08-23 13:34:59.500000+00:00,19.370165,19.38295,Low,0,nback
5,1,2021-08-23 13:35:14.500000+00:00,19.757076,19.495188,Low,0,nback
5,1,2021-08-23 13:35:29.500000+00:00,18.966255,19.336508,Low,0,nback
5,1,2021-08-23 13:35:44.500000+00:00,19.230595,19.304733,Low,0,nback
5,1,2021-08-23 13:35:59.500000+00:00,19.288818,19.29996,Low,0,nback
5,1,2021-08-23 13:36:14.500000+00:00,19.168917,19.260647,Low,0,nback
5,1,2021-08-23 13:36:29.500000+00:00,19.836512,19.433407,Low,0,nback
5,1,2021-08-23 13:36:44.500000+00:00,19.46823,19.443853,Low,0,nback
5,1,2021-08-23 13:36:59.500000+00:00,19.700987,19.520992,Low,0,nback
5,1,2021-08-23 13:37:14.500000+00:00,19.496897,19.513763,Low,0,nback
5,1,2021-08-23 13:37:29.500000+00:00,19.609417,19.54246,Low,0,nback
5,1,2021-08-23 13:37:44.500000+00:00,19.272533,19.461483,Low,0,nback
5,1,2021-08-23 13:37:59.500000+00:00,19.957481,19.610283,Low,0,nback
5,1,2021-08-23 13:38:14.500000+00:00,20.051268,19.742579,Low,0,nback
5,1,2021-08-23 13:38:29.500000+00:00,19.674326,19.722103,Low,0,nback
5,1,2021-08-23 13:38:44.500000+00:00,19.607899,19.687843,Low,0,nback
5,1,2021-08-23 13:38:59.500000+00:00,19.179733,19.53541,Low,0,nback
5,1,2021-08-23 13:39:14.500000+00:00,20.494537,19.823149,Low,0,nback
5,1,2021-08-23 13:39:29.500000+00:00,45.57962,27.55009,Low,0,nback
5,1,2021-08-23 13:39:44.500000+00:00,46.197216,33.144226,Medium,0,nback
5,1,2021-08-23 13:39:59.500000+00:00,45.951714,36.986473,Medium,0,nback
5,1,2021-08-23 13:40:14.500000+00:00,46.13633,39.73143,Medium,0,nback
5,1,2021-08-23 13:40:29.500000+00:00,46.107986,41.644398,Medium,0,nback
5,1,2021-08-23 13:40:44.500000+00:00,44.992477,42.64882,Medium,0,nback
5,1,2021-08-23 13:40:59.500000+00:00,45.63277,43.544006,Medium,0,nback
5,1,2021-08-23 13:41:14.500000+00:00,46.314827,44.37525,Medium,0,nback
5,1,2021-08-23 13:41:29.500000+00:00,45.899986,44.832672,Medium,0,nback
5,1,2021-08-23 13:41:44.500000+00:00,46.29506,45.27139,Medium,0,nback
5,1,2021-08-23 13:41:59.500000+00:00,46.20652,45.55193,Medium,0,nback
5,1,2021-08-23 13:42:14.500000+00:00,46.15469,45.732758,Medium,0,nback
5,1,2021-08-23 13:42:29.500000+00:00,46.089027,45.839638,Medium,0,nback
5,1,2021-08-23 13:42:44.500000+00:00,46.096134,45.916588,Medium,0,nback
5,1,2021-08-23 13:42:59.500000+00:00,46.165497,45.991257,Medium,0,nback
5,1,2021-08-23 13:43:14.500000+00:00,46.43682,46.124924,Medium,0,nback
5,1,2021-08-23 13:43:29.500000+00:00,46.284393,46.172764,Medium,0,nback
5,1,2021-08-23 13:43:44.500000+00:00,46.949425,46.40576,Medium,0,nback
5,1,2021-08-23 13:43:59.500000+00:00,46.60472,46.465446,Medium,0,nback
5,1,2021-08-23 13:44:14.500000+00:00,46.230137,46.39485,Medium,0,nback
5,1,2021-08-23 13:44:29.500000+00:00,46.61476,46.460823,Medium,0,nback
5,1,2021-08-23 13:44:44.500000+00:00,46.475292,46.465164,Medium,0,nback
5,1,2021-08-23 13:44:59.500000+00:00,46.31609,46.420444,Medium,0,nback
5,1,2021-08-23 13:45:14.500000+00:00,46.220055,46.36033,Medium,0,nback
5,1,2021-08-23 13:45:29.500000+00:00,46.172234,46.303898,Medium,0,nback
5,1,2021-08-23 13:45:44.500000+00:00,46.6264,46.40065,Medium,0,nback
5,1,2021-08-23 13:45:59.500000+00:00,46.654884,46.47692,Medium,0,nback
5,1,2021-08-23 13:46:14.500000+00:00,46.057274,46.35103,Medium,0,nback
5,1,2021-08-23 13:46:29.500000+00:00,45.972187,46.237377,Medium,0,nback
5,1,2021-08-23 13:46:44.500000+00:00,46.391373,46.283577,Medium,0,crt
5,1,2021-08-23 13:46:59.500000+00:00,46.360935,46.306786,Medium,0,crt
5,1,2021-08-23 13:47:14.500000+00:00,46.075054,46.237267,Medium,0,crt
5,1,2021-08-23 13:47:29.500000+00:00,46.383926,46.281265,Medium,0,crt
5,1,2021-08-23 13:47:44.500000+00:00,46.121964,46.233475,Medium,0,crt
5,1,2021-08-23 13:47:59.500000+00:00,46.40733,46.28563,Medium,0,crt
5,1,2021-08-23 13:48:14.500000+00:00,45.96525,46.189514,Medium,0,crt
5,2,2021-08-24 13:10:29.500000+00:00,18.99808,38.032085,Medium,0,baseline
5,2,2021-08-24 13:10:44.500000+00:00,18.88237,32.28717,Low,0,baseline
5,2,2021-08-24 13:10:59.500000+00:00,18.848278,28.255503,Low,0,baseline
5,2,2021-08-24 13:11:14.500000+00:00,19.077927,25.502232,Low,0,baseline
5,2,2021-08-24 13:11:29.500000+00:00,18.708414,23.464087,Low,0,baseline
5,2,2021-08-24 13:11:44.500000+00:00,19.225067,22.19238,Low,0,baseline
5,2,2021-08-24 13:11:59.500000+00:00,18.619968,21.120657,Low,0,baseline
5,2,2021-08-24 13:12:14.500000+00:00,18.926847,20.462515,Low,0,baseline
5,2,2021-08-24 13:12:29.500000+00:00,18.835016,19.974266,Low,0,baseline
5,2,2021-08-24 13:12:44.500000+00:00,19.508755,19.834614,Low,0,baseline
5,2,2021-08-24 13:12:59.500000+00:00,18.791262,19.521608,Low,0,baseline
5,2,2021-08-24 13:13:14.500000+00:00,19.054066,19.381346,Low,0,baseline
5,2,2021-08-24 13:13:29.500000+00:00,19.113424,19.30097,Low,0,baseline
5,2,2021-08-24 13:13:44.500000+00:00,18.914679,19.185083,Low,0,crt
5,2,2021-08-24 13:13:59.500000+00:00,18.87695,19.092644,Low,0,crt
5,2,2021-08-24 13:14:14.500000+00:00,18.783155,18.999798,Low,0,crt
5,2,2021-08-24 13:14:29.500000+00:00,19.221334,19.066257,Low,0,crt
5,2,2021-08-24 13:14:44.500000+00:00,18.960781,19.034615,Low,0,crt
5,2,2021-08-24 13:14:59.500000+00:00,18.694752,18.932655,Low,0,nback
5,2,2021-08-24 13:15:14.500000+00:00,18.681984,18.857452,Low,0,nback
5,2,2021-08-24 13:15:29.500000+00:00,18.709936,18.813198,Low,0,nback
5,2,2021-08-24 13:15:44.500000+00:00,18.66307,18.76816,Low,0,nback
5,2,2021-08-24 13:15:59.500000+00:00,18.972836,18.829563,Low,0,nback
5,2,2021-08-24 13:16:14.500000+00:00,18.94514,18.864235,Low,0,nback
5,2,2021-08-24 13:16:29.500000+00:00,18.98439,18.900282,Low,0,nback
5,2,2021-08-24 13:16:44.500000+00:00,18.77425,18.862473,Low,0,nback
5,2,2021-08-24 13:16:59.500000+00:00,18.96655,18.893696,Low,0,nback
5,2,2021-08-24 13:17:14.500000+00:00,24.426151,20.553432,Low,0,nback
5,2,2021-08-24 13:17:29.500000+00:00,24.474318,21.729698,Low,0,nback
5,2,2021-08-24 13:17:44.500000+00:00,24.719261,22.626568,Low,0,nback
5,2,2021-08-24 13:17:59.500000+00:00,23.719004,22.954298,Low,0,nback
5,2,2021-08-24 13:18:14.500000+00:00,24.652645,23.463802,Low,0,nback
5,2,2021-08-24 13:18:29.500000+00:00,24.218065,23.690083,Low,0,nback
5,2,2021-08-24 13:18:44.500000+00:00,24.463055,23.921974,Low,0,nback
5,2,2021-08-24 13:18:59.500000+00:00,24.79732,24.184578,Low,0,nback
5,2,2021-08-24 13:19:14.500000+00:00,24.659094,24.326933,Low,0,nback
5,2,2021-08-24 13:19:29.500000+00:00,24.310394,24.321972,Low,0,nback
5,2,2021-08-24 13:19:44.500000+00:00,24.746126,24.449217,Low,0,nback
5,2,2021-08-24 13:19:59.500000+00:00,24.44348,24.447496,Low,0,nback
5,2,2021-08-24 13:20:14.500000+00:00,24.35255,24.419012,Low,0,nback
5,2,2021-08-24 13:20:29.500000+00:00,24.359701,24.401218,Low,0,nback
5,2,2021-08-24 13:20:44.500000+00:00,24.66226,24.47953,Low,0,crt
5,2,2021-08-24 13:20:59.500000+00:00,24.626532,24.523632,Low,0,crt
5,2,2021-08-24 13:21:14.500000+00:00,24.808514,24.609097,Low,0,crt
5,2,2021-08-24 13:21:29.500000+00:00,24.524282,24.583652,Low,0,crt
5,2,2021-08-24 13:21:44.500000+00:00,24.799948,24.648542,Low,0,crt
5,2,2021-08-24 13:21:59.500000+00:00,24.424742,24.581402,Low,0,nback
5,2,2021-08-24 13:22:14.500000+00:00,24.701841,24.617535,Low,0,nback
5,2,2021-08-24 13:22:29.500000+00:00,24.511387,24.58569,Low,0,nback
5,2,2021-08-24 13:22:44.500000+00:00,24.657593,24.60726,Low,0,nback
5,2,2021-08-24 13:22:59.500000+00:00,24.265806,24.504826,Low,0,nback
5,2,2021-08-24 13:23:14.500000+00:00,23.992502,24.351128,Low,0,nback
5,2,2021-08-24 13:23:29.500000+00:00,24.64639,24.439707,Low,0,nback
5,2,2021-08-24 13:23:44.500000+00:00,24.550978,24.473087,Low,0,nback
5,2,2021-08-24 13:23:59.500000+00:00,25.463371,24.770172,Low,0,nback
5,2,2021-08-24 13:24:14.500000+00:00,25.709211,25.051884,Low,0,nback
5,2,2021-08-24 13:24:29.500000+00:00,25.990349,25.333424,Low,0,nback
5,2,2021-08-24 13:24:44.500000+00:00,25.488619,25.379982,Low,0,nback
5,2,2021-08-24 13:24:59.500000+00:00,25.793276,25.503971,Low,0,nback
5,2,2021-08-24 13:25:14.500000+00:00,25.485653,25.498476,Low,0,nback
5,2,2021-08-24 13:25:29.500000+00:00,25.75305,25.574848,Low,0,nback
5,2,2021-08-24 13:25:44.500000+00:00,25.689737,25.609314,Low,0,nback
5,2,2021-08-24 13:25:59.500000+00:00,25.53861,25.588102,Low,0,nback
5,2,2021-08-24 13:26:14.500000+00:00,25.192055,25.469288,Low,0,nback
5,2,2021-08-24 13:26:29.500000+00:00,25.725746,25.546225,Low,0,nback
5,2,2021-08-24 13:26:44.500000+00:00,25.954073,25.66858,Low,0,nback
5,2,2021-08-24 13:26:59.500000+00:00,25.750044,25.693018,Low,0,nback
5,2,2021-08-24 13:27:14.500000+00:00,25.749556,25.70998,Low,0,crt
5,2,2021-08-24 13:27:29.500000+00:00,25.457806,25.634329,Low,0,crt
5,2,2021-08-24 13:27:44.500000+00:00,25.705408,25.655653,Low,0,crt
5,2,2021-08-24 13:27:59.500000+00:00,26.016336,25.763859,Low,0,crt
5,2,2021-08-24 13:28:14.500000+00:00,26.028389,25.843218,Low,0,crt
5,2,2021-08-24 13:28:29.500000+00:00,25.819908,25.836224,Low,0,nback
5,2,2021-08-24 13:28:44.500000+00:00,25.353228,25.691324,Low,0,nback
5,3,2021-08-25 13:13:26.500000+00:00,4.269312,19.26472,Low,0,baseline
5,3,2021-08-25 13:13:41.500000+00:00,4.5573077,14.852497,Low,0,baseline
5,3,2021-08-25 13:13:56.500000+00:00,4.478942,11.74043,Low,0,baseline
5,3,2021-08-25 13:14:11.500000+00:00,4.586755,9.594327,Low,0,baseline
5,3,2021-08-25 13:14:26.500000+00:00,4.6092286,8.098797,Low,0,baseline
5,3,2021-08-25 13:14:41.500000+00:00,4.351891,6.974725,Low,0,baseline
5,3,2021-08-25 13:14:56.500000+00:00,4.4674683,6.2225475,Low,0,baseline
5,3,2021-08-25 13:15:11.500000+00:00,4.1597943,5.6037216,Low,0,baseline
5,3,2021-08-25 13:15:26.500000+00:00,4.308482,5.21515,Low,0,baseline
5,3,2021-08-25 13:15:41.500000+00:00,4.479959,4.9945927,Low,0,baseline
5,3,2021-08-25 13:15:56.500000+00:00,4.5636134,4.865299,Low,0,baseline
5,3,2021-08-25 13:16:11.500000+00:00,4.5163355,4.76061,Low,0,baseline
5,3,2021-08-25 13:16:26.500000+00:00,4.3979535,4.651813,Low,0,crt
5,3,2021-08-25 13:16:41.500000+00:00,4.5683556,4.6267757,Low,0,crt
5,3,2021-08-25 13:16:56.500000+00:00,4.3658304,4.5484924,Low,0,crt
5,3,2021-08-25 13:17:11.500000+00:00,4.1917543,4.441471,Low,0,crt
5,3,2021-08-25 13:17:26.500000+00:00,4.886189,4.5748863,Low,0,crt
5,3,2021-08-25 13:17:41.500000+00:00,4.1953797,4.4610343,Low,0,nback
5,3,2021-08-25 13:17:56.500000+00:00,4.732554,4.54249,Low,0,nback
5,3,2021-08-25 13:18:11.500000+00:00,4.2977176,4.4690585,Low,0,nback
5,3,2021-08-25 13:18:26.500000+00:00,4.5370336,4.489451,Low,0,nback
5,3,2021-08-25 13:18:41.500000+00:00,4.404163,4.4638643,Low,0,nback
5,3,2021-08-25 13:18:56.500000+00:00,5.037481,4.635949,Low,0,nback
5,3,2021-08-25 13:19:11.500000+00:00,4.744216,4.6684294,Low,0,nback
5,3,2021-08-25 13:19:26.500000+00:00,4.7152214,4.682467,Low,0,nback
5,3,2021-08-25 13:19:41.500000+00:00,6.4052835,5.199312,Low,0,nback
5,3,2021-08-25 13:19:56.500000+00:00,5.7185655,5.355088,Low,0,nback
5,3,2021-08-25 13:20:11.500000+00:00,5.763138,5.477503,Low,0,nback
5,3,2021-08-25 13:20:26.500000+00:00,5.828754,5.582878,Low,0,nback
5,3,2021-08-25 13:20:41.500000+00:00,5.7749352,5.6404953,Low,0,nback
5,3,2021-08-25 13:20:56.500000+00:00,6.248167,5.822797,Low,0,nback
5,3,2021-08-25 13:21:11.500000+00:00,5.980816,5.8702025,Low,0,nback
5,3,2021-08-25 13:21:26.500000+00:00,6.0262103,5.917005,Low,0,nback
5,3,2021-08-25 13:21:41.500000+00:00,6.1131845,5.9758587,Low,0,nback
5,3,2021-08-25 13:21:56.500000+00:00,6.336898,6.0841703,Low,0,nback
5,3,2021-08-25 13:22:11.500000+00:00,6.1572247,6.1060867,Low,0,nback
5,3,2021-08-25 13:22:26.500000+00:00,6.0827575,6.0990877,Low,0,nback
5,3,2021-08-25 13:22:41.500000+00:00,6.8397903,6.3212986,Low,0,crt
5,3,2021-08-25 13:22:56.500000+00:00,7.0389094,6.536582,Low,0,crt
5,3,2021-08-25 13:23:11.500000+00:00,6.10694,6.407689,Low,0,crt
5,3,2021-08-25 13:23:26.500000+00:00,5.8093815,6.2281966,Low,0,crt
5,3,2021-08-25 13:23:41.500000+00:00,6.1209865,6.1960335,Low,0,crt
5,3,2021-08-25 13:23:56.500000+00:00,6.0814667,6.1616635,Low,0,nback
5,3,2021-08-25 13:24:11.500000+00:00,6.405979,6.234958,Low,0,nback
5,3,2021-08-25 13:24:26.500000+00:00,6.234692,6.234878,Low,0,nback
5,3,2021-08-25 13:24:41.500000+00:00,6.391364,6.281824,Low,0,nback
5,3,2021-08-25 13:24:56.500000+00:00,5.8331604,6.147225,Low,0,nback
5,3,2021-08-25 13:25:11.500000+00:00,6.442157,6.2357044,Low,0,nback
5,3,2021-08-25 13:25:26.500000+00:00,6.3027244,6.2558107,Low,0,nback
5,3,2021-08-25 13:25:41.500000+00:00,6.265862,6.2588263,Low,0,nback
5,3,2021-08-25 13:25:56.500000+00:00,19.056124,10.098016,Low,0,nback
5,3,2021-08-25 13:26:11.500000+00:00,18.788357,12.705118,Low,0,nback
5,3,2021-08-25 13:26:26.500000+00:00,18.589308,14.470375,Low,0,nback
5,3,2021-08-25 13:26:41.500000+00:00,18.914505,15.803614,Low,0,nback
5,3,2021-08-25 13:26:56.500000+00:00,19.200382,16.822643,Low,0,nback
5,3,2021-08-25 13:27:11.500000+00:00,18.40819,17.298307,Low,0,nback
5,3,2021-08-25 13:27:26.500000+00:00,18.617483,17.694061,Low,0,nback
5,3,2021-08-25 13:27:41.500000+00:00,19.58078,18.260077,Low,0,nback
5,3,2021-08-25 13:27:56.500000+00:00,19.260914,18.560328,Low,0,nback
5,3,2021-08-25 13:28:11.500000+00:00,18.711622,18.605717,Low,0,nback
5,3,2021-08-25 13:28:26.500000+00:00,18.530107,18.583035,Low,0,nback
5,3,2021-08-25 13:28:41.500000+00:00,18.802238,18.648796,Low,0,nback
5,3,2021-08-25 13:28:56.500000+00:00,18.85125,18.709532,Low,0,crt
5,3,2021-08-25 13:29:11.500000+00:00,18.710466,18.709812,Low,0,crt
5,3,2021-08-25 13:29:26.500000+00:00,18.817455,18.742105,Low,0,crt
5,3,2021-08-25 13:29:41.500000+00:00,19.112167,18.853123,Low,0,crt
5,3,2021-08-25 13:29:56.500000+00:00,18.800037,18.837196,Low,0,nback
5,3,2021-08-25 13:30:11.500000+00:00,19.020525,18.892195,Low,0,nback
5,3,2021-08-25 13:30:26.500000+00:00,19.815033,19.169046,Low,0,nback
6,1,2021-08-24 12:24:27.500000+00:00,6.840328,15.47043,Low,0,baseline
6,1,2021-08-24 12:24:42.500000+00:00,6.88274,12.894123,Low,0,baseline
6,1,2021-08-24 12:24:57.500000+00:00,6.88398,11.09108,Low,0,baseline
6,1,2021-08-24 12:25:12.500000+00:00,6.968413,9.8542795,Low,0,baseline
6,1,2021-08-24 12:25:27.500000+00:00,6.646732,8.892015,Low,0,baseline
6,1,2021-08-24 12:25:42.500000+00:00,6.8982677,8.293891,Low,0,baseline
6,1,2021-08-24 12:25:57.500000+00:00,6.857767,7.863054,Low,0,baseline
6,1,2021-08-24 12:26:12.500000+00:00,6.6533895,7.5001545,Low,0,baseline
6,1,2021-08-24 12:26:27.500000+00:00,6.9022717,7.32079,Low,0,baseline
6,1,2021-08-24 12:26:42.500000+00:00,6.8664308,7.184482,Low,0,baseline
6,1,2021-08-24 12:26:57.500000+00:00,6.7917643,7.066667,Low,0,baseline
6,1,2021-08-24 12:27:12.500000+00:00,7.2018623,7.1072254,Low,0,baseline
6,1,2021-08-24 12:27:27.500000+00:00,6.778722,7.008674,Low,0,baseline
6,1,2021-08-24 12:27:42.500000+00:00,6.8066144,6.948056,Low,0,baseline
6,1,2021-08-24 12:27:57.500000+00:00,6.698071,6.8730607,Low,0,baseline
6,1,2021-08-24 12:28:12.500000+00:00,6.5532207,6.7771087,Low,0,crt
6,1,2021-08-24 12:28:27.500000+00:00,6.8987675,6.8136063,Low,0,crt
6,1,2021-08-24 12:28:42.500000+00:00,6.731477,6.788967,Low,0,crt
6,1,2021-08-24 12:28:57.500000+00:00,6.974168,6.8445272,Low,0,crt
6,1,2021-08-24 12:29:12.500000+00:00,6.9480586,6.8755865,Low,0,crt
6,1,2021-08-24 12:29:27.500000+00:00,6.342869,6.715771,Low,0,crt
6,1,2021-08-24 12:29:42.500000+00:00,6.78655,6.737005,Low,0,nback
6,1,2021-08-24 12:29:57.500000+00:00,6.91835,6.791409,Low,0,nback
6,1,2021-08-24 12:30:12.500000+00:00,7.1566243,6.900974,Low,0,nback
6,1,2021-08-24 12:30:27.500000+00:00,7.013615,6.934767,Low,0,nback
6,1,2021-08-24 12:30:42.500000+00:00,7.784917,7.1898117,Low,0,nback
6,1,2021-08-24 12:30:57.500000+00:00,8.75814,7.66031,Low,0,nback
6,1,2021-08-24 12:31:12.500000+00:00,6.49757,7.311488,Low,0,nback
6,1,2021-08-24 12:31:27.500000+00:00,2.2950964,5.8065705,Low,0,nback
6,1,2021-08-24 12:31:42.500000+00:00,2.217452,4.729835,Low,0,nback
6,1,2021-08-24 12:31:57.500000+00:00,2.3432126,4.0138483,Low,0,nback
6,1,2021-08-24 12:32:12.500000+00:00,2.3126543,3.50349,Low,0,nback
6,1,2021-08-24 12:32:27.500000+00:00,2.3932629,3.1704218,Low,0,nback
6,1,2021-08-24 12:32:42.500000+00:00,2.426792,2.9473329,Low,0,nback
6,1,2021-08-24 12:32:57.500000+00:00,2.3210454,2.7594466,Low,0,nback
6,1,2021-08-24 12:33:12.500000+00:00,2.1258612,2.569371,Low,0,nback
6,1,2021-08-24 12:33:27.500000+00:00,2.317923,2.4939365,Low,0,nback
6,1,2021-08-24 12:33:42.500000+00:00,2.3582268,2.4532237,Low,0,nback
6,1,2021-08-24 12:33:57.500000+00:00,2.5538142,2.4834008,Low,0,nback
6,1,2021-08-24 12:34:12.500000+00:00,2.1167674,2.3734107,Low,0,nback
6,1,2021-08-24 12:34:27.500000+00:00,2.5906358,2.4385781,Low,0,nback
6,1,2021-08-24 12:34:42.500000+00:00,2.6925476,2.514769,Low,0,nback
6,1,2021-08-24 12:34:57.500000+00:00,2.2276425,2.428631,Low,0,nback
6,1,2021-08-24 12:35:12.500000+00:00,2.8249505,2.5475268,Low,0,crt
6,1,2021-08-24 12:35:27.500000+00:00,2.2407994,2.4555087,Low,0,crt
6,1,2021-08-24 12:35:42.500000+00:00,2.479201,2.4626164,Low,0,crt
6,1,2021-08-24 12:35:57.500000+00:00,2.3690333,2.4345417,Low,0,crt
6,1,2021-08-24 12:36:12.500000+00:00,2.205444,2.3658123,Low,0,crt
6,1,2021-08-24 12:36:27.500000+00:00,2.5939057,2.4342403,Low,0,nback
6,1,2021-08-24 12:36:42.500000+00:00,2.3481314,2.4084077,Low,0,nback
6,1,2021-08-24 12:36:57.500000+00:00,3.3117173,2.6794004,Low,0,nback
6,1,2021-08-24 12:37:12.500000+00:00,2.6637976,2.6747196,Low,0,nback
6,1,2021-08-24 12:37:27.500000+00:00,2.0481832,2.4867587,Low,0,nback
6,1,2021-08-24 12:37:42.500000+00:00,2.383517,2.4557862,Low,0,nback
6,1,2021-08-24 12:37:57.500000+00:00,2.8932812,2.5870347,Low,0,nback
6,1,2021-08-24 12:38:12.500000+00:00,2.3801763,2.5249772,Low,0,nback
6,1,2021-08-24 12:38:27.500000+00:00,3.2459555,2.7412708,Low,0,nback
6,1,2021-08-24 12:38:42.500000+00:00,2.4258375,2.6466408,Low,0,nback
6,1,2021-08-24 12:38:57.500000+00:00,2.857643,2.7099414,Low,0,nback
6,1,2021-08-24 12:39:12.500000+00:00,2.3276868,2.595265,Low,0,nback
6,1,2021-08-24 12:39:27.500000+00:00,2.9246614,2.694084,Low,0,nback
6,1,2021-08-24 12:39:42.500000+00:00,21.0413,8.198249,Low,0,nback
6,1,2021-08-24 12:39:57.500000+00:00,22.257385,12.415991,Low,0,nback
6,1,2021-08-24 12:40:12.500000+00:00,21.857233,15.2483635,Low,0,nback
6,1,2021-08-24 12:40:27.500000+00:00,22.535723,17.43457,Low,0,nback
6,1,2021-08-24 12:40:42.500000+00:00,22.711441,19.017632,Low,0,nback
6,1,2021-08-24 12:40:57.500000+00:00,22.53808,20.073767,Low,0,nback
6,1,2021-08-24 12:41:12.500000+00:00,22.825945,20.89942,Low,0,nback
6,1,2021-08-24 12:41:27.500000+00:00,22.073448,21.251629,Low,0,nback
6,1,2021-08-24 12:41:42.500000+00:00,22.343235,21.579111,Low,0,nback
6,1,2021-08-24 12:41:57.500000+00:00,22.50898,21.85807,Low,0,nback
6,1,2021-08-24 12:42:12.500000+00:00,22.647366,22.094858,Low,0,nback
6,1,2021-08-24 12:42:27.500000+00:00,22.071579,22.087873,Low,0,nback
6,1,2021-08-24 12:42:42.500000+00:00,22.277502,22.144762,Low,0,nback
6,1,2021-08-24 12:42:57.500000+00:00,22.534426,22.261662,Low,0,nback
6,1,2021-08-24 12:43:12.500000+00:00,21.8899,22.150133,Low,0,nback
6,1,2021-08-24 12:43:27.500000+00:00,22.324928,22.202572,Low,0,nback
6,1,2021-08-24 12:43:42.500000+00:00,22.15017,22.186852,Low,0,nback
6,1,2021-08-24 12:43:57.500000+00:00,22.656916,22.327871,Low,0,nback
6,1,2021-08-24 12:44:12.500000+00:00,22.288578,22.316084,Low,0,nback
6,1,2021-08-24 12:44:27.500000+00:00,22.080645,22.245453,Low,0,crt
6,1,2021-08-24 12:44:42.500000+00:00,22.625967,22.359608,Low,0,crt
6,1,2021-08-24 12:44:57.500000+00:00,22.796782,22.490759,Low,0,crt
6,1,2021-08-24 12:45:12.500000+00:00,22.594606,22.521914,Low,0,crt
6,1,2021-08-24 12:45:27.500000+00:00,22.438257,22.496817,Low,0,crt
6,1,2021-08-24 12:45:42.500000+00:00,21.818798,22.293411,Low,0,nback
6,1,2021-08-24 12:45:57.500000+00:00,22.298037,22.2948,Low,0,nback
6,2,2021-08-25 12:25:03.500000+00:00,1.8665501,16.166325,Low,0,baseline
6,2,2021-08-25 12:25:18.500000+00:00,1.3591557,11.724174,Low,0,baseline
6,2,2021-08-25 12:25:33.500000+00:00,2.0485098,8.821474,Low,0,baseline
6,2,2021-08-25 12:25:48.500000+00:00,1.2935292,6.5630903,Low,0,baseline
6,2,2021-08-25 12:26:03.500000+00:00,0.90404063,4.865375,Low,0,baseline
6,2,2021-08-25 12:26:18.500000+00:00,1.2468628,3.7798214,Low,0,baseline
6,2,2021-08-25 12:26:33.500000+00:00,0.8360705,2.896696,Low,0,baseline
6,2,2021-08-25 12:26:48.500000+00:00,0.83464974,2.2780824,Low,0,baseline
6,2,2021-08-25 12:27:03.500000+00:00,1.6970874,2.1037838,Low,0,baseline
6,2,2021-08-25 12:27:18.500000+00:00,1.139656,1.8145454,Low,0,baseline
6,2,2021-08-25 12:27:33.500000+00:00,0.9746473,1.5625759,Low,0,baseline
6,2,2021-08-25 12:27:48.500000+00:00,0.8776216,1.3570896,Low,0,baseline
6,2,2021-08-25 12:28:03.500000+00:00,1.2009614,1.3102511,Low,0,baseline
6,2,2021-08-25 12:28:18.500000+00:00,1.0921769,1.2448288,Low,0,crt
6,2,2021-08-25 12:28:33.500000+00:00,1.204279,1.2326639,Low,0,crt
6,2,2021-08-25 12:28:48.500000+00:00,1.3128449,1.2567182,Low,0,crt
6,2,2021-08-25 12:29:03.500000+00:00,1.2466724,1.2537044,Low,0,crt
6,2,2021-08-25 12:29:18.500000+00:00,1.01433,1.1818922,Low,0,nback
6,2,2021-08-25 12:29:33.500000+00:00,1.0281281,1.1357629,Low,0,nback
6,2,2021-08-25 12:29:48.500000+00:00,1.3634356,1.2040647,Low,0,nback
6,2,2021-08-25 12:30:03.500000+00:00,1.6887683,1.3494759,Low,0,nback
6,2,2021-08-25 12:30:18.500000+00:00,1.1346574,1.2850304,Low,0,nback
6,2,2021-08-25 12:30:33.500000+00:00,0.9348922,1.1799889,Low,0,nback
6,2,2021-08-25 12:30:48.500000+00:00,1.1891983,1.1827517,Low,0,nback
6,2,2021-08-25 12:31:03.500000+00:00,1.292949,1.2158109,Low,0,nback
6,2,2021-08-25 12:31:18.500000+00:00,1.1033572,1.1820748,Low,0,nback
6,2,2021-08-25 12:31:33.500000+00:00,0.4375536,0.9587184,Low,0,nback
6,2,2021-08-25 12:31:48.500000+00:00,0.50902456,0.8238102,Low,0,nback
6,2,2021-08-25 12:32:03.500000+00:00,0.10072725,0.6068853,Low,0,nback
6,2,2021-08-25 12:32:18.500000+00:00,0.40654036,0.54678184,Low,0,nback
6,2,2021-08-25 12:32:33.500000+00:00,-0.15834582,0.33524355,Low,0,nback
6,2,2021-08-25 12:32:48.500000+00:00,0.5224289,0.39139915,Low,0,nback
6,2,2021-08-25 12:33:03.500000+00:00,0.8789799,0.53767335,Low,0,nback
6,2,2021-08-25 12:33:18.500000+00:00,0.2728658,0.4582311,Low,0,nback
6,2,2021-08-25 12:33:33.500000+00:00,0.196195,0.37962028,Low,0,nback
6,2,2021-08-25 12:33:48.500000+00:00,0.43033314,0.39483416,Low,0,nback
6,2,2021-08-25 12:34:03.500000+00:00,0.7602197,0.50444984,Low,0,nback
6,2,2021-08-25 12:34:18.500000+00:00,1.4111844,0.7764702,Low,0,crt
6,2,2021-08-25 12:34:33.500000+00:00,0.93330747,0.8235214,Low,0,crt
6,2,2021-08-25 12:34:48.500000+00:00,0.5214311,0.7328943,Low,0,crt
6,2,2021-08-25 12:35:03.500000+00:00,0.42189687,0.63959503,Low,0,crt
6,2,2021-08-25 12:35:18.500000+00:00,0.29418963,0.5359734,Low,0,crt
6,2,2021-08-25 12:35:33.500000+00:00,0.1877997,0.43152133,Low,0,nback
6,2,2021-08-25 12:35:48.500000+00:00,0.6179382,0.4874464,Low,0,nback
6,2,2021-08-25 12:36:03.500000+00:00,0.560102,0.5092431,Low,0,nback
6,2,2021-08-25 12:36:18.500000+00:00,-0.3768797,0.24340624,Low,0,nback
6,2,2021-08-25 12:36:33.500000+00:00,0.083581604,0.19545884,Low,0,nback
6,2,2021-08-25 12:36:48.500000+00:00,0.29997107,0.22681251,Low,0,nback
6,2,2021-08-25 12:37:03.500000+00:00,1.0222028,0.4654296,Low,0,nback
6,2,2021-08-25 12:37:18.500000+00:00,0.8344153,0.5761253,Low,0,nback
6,2,2021-08-25 12:37:33.500000+00:00,1.1282989,0.7417774,Low,0,nback
6,2,2021-08-25 12:37:48.500000+00:00,8.788795,3.1558828,Low,0,nback
6,2,2021-08-25 12:38:03.500000+00:00,9.282737,4.993939,Low,0,nback
6,2,2021-08-25 12:38:18.500000+00:00,8.827724,6.1440744,Low,0,nback
6,2,2021-08-25 12:38:33.500000+00:00,8.562199,6.8695116,Low,0,nback
6,2,2021-08-25 12:38:48.500000+00:00,8.910068,7.4816785,Low,0,nback
6,2,2021-08-25 12:39:03.500000+00:00,8.815872,7.881937,Low,0,nback
6,2,2021-08-25 12:39:18.500000+00:00,9.298101,8.306787,Low,0,nback
6,2,2021-08-25 12:39:33.500000+00:00,8.882189,8.479407,Low,0,nback
6,2,2021-08-25 12:39:48.500000+00:00,8.637495,8.526834,Low,0,nback
6,2,2021-08-25 12:40:03.500000+00:00,9.066928,8.688862,Low,0,nback
6,2,2021-08-25 12:40:18.500000+00:00,9.025836,8.789954,Low,0,nback
6,2,2021-08-25 12:40:33.500000+00:00,9.714205,9.067229,Low,0,nback
6,2,2021-08-25 12:40:48.500000+00:00,9.087591,9.073338,Low,0,nback
6,2,2021-08-25 12:41:03.500000+00:00,8.94675,9.035361,Low,0,nback
6,2,2021-08-25 12:41:18.500000+00:00,9.045254,9.038329,Low,0,crt
6,2,2021-08-25 12:41:33.500000+00:00,9.1347475,9.067255,Low,0,crt
6,2,2021-08-25 12:41:48.500000+00:00,9.199524,9.1069355,Low,0,crt
6,2,2021-08-25 12:42:03.500000+00:00,9.038532,9.086414,Low,0,crt
6,2,2021-08-25 12:42:18.500000+00:00,9.45329,9.196477,Low,0,crt
6,2,2021-08-25 12:42:33.500000+00:00,8.844965,9.091023,Low,0,nback
6,2,2021-08-25 12:42:48.500000+00:00,8.955967,9.050507,Low,0,nback
6,3,2021-08-27 12:24:25.500000+00:00,6.3471146,8.239489,Low,0,baseline
6,3,2021-08-27 12:24:40.500000+00:00,6.2662034,7.647503,Low,0,baseline
6,3,2021-08-27 12:24:55.500000+00:00,6.2217913,7.2197895,Low,0,baseline
6,3,2021-08-27 12:25:10.500000+00:00,6.2289762,6.9225454,Low,0,baseline
6,3,2021-08-27 12:25:25.500000+00:00,6.541775,6.8083143,Low,0,baseline
6,3,2021-08-27 12:25:40.500000+00:00,6.252864,6.6416793,Low,0,baseline
6,3,2021-08-27 12:25:55.500000+00:00,6.3746414,6.5615683,Low,0,baseline
6,3,2021-08-27 12:26:10.500000+00:00,6.2806897,6.4773045,Low,0,baseline
6,3,2021-08-27 12:26:25.500000+00:00,6.226176,6.4019656,Low,0,baseline
6,3,2021-08-27 12:26:40.500000+00:00,6.2742543,6.363652,Low,0,baseline
6,3,2021-08-27 12:26:55.500000+00:00,6.5149226,6.4090333,Low,0,baseline
6,3,2021-08-27 12:27:10.500000+00:00,6.5691257,6.4570613,Low,0,baseline
6,3,2021-08-27 12:27:25.500000+00:00,6.705003,6.5314436,Low,0,baseline
6,3,2021-08-27 12:27:40.500000+00:00,6.302204,6.4626718,Low,0,crt
6,3,2021-08-27 12:27:55.500000+00:00,6.491043,6.471183,Low,0,crt
6,3,2021-08-27 12:28:10.500000+00:00,6.5402784,6.491912,Low,0,crt
6,3,2021-08-27 12:28:25.500000+00:00,6.4619064,6.48291,Low,0,crt
6,3,2021-08-27 12:28:40.500000+00:00,6.548964,6.502726,Low,0,nback
6,3,2021-08-27 12:28:55.500000+00:00,6.097966,6.381298,Low,0,nback
6,3,2021-08-27 12:29:10.500000+00:00,5.9852705,6.26249,Low,0,nback
6,3,2021-08-27 12:29:25.500000+00:00,6.1185017,6.2192936,Low,0,nback
6,3,2021-08-27 12:29:40.500000+00:00,6.0244975,6.160855,Low,0,nback
6,3,2021-08-27 12:29:55.500000+00:00,6.2944255,6.200926,Low,0,nback
6,3,2021-08-27 12:30:10.500000+00:00,6.3814034,6.2550693,Low,0,nback
6,3,2021-08-27 12:30:25.500000+00:00,6.1758237,6.2312956,Low,0,nback
6,3,2021-08-27 12:30:40.500000+00:00,6.4097395,6.284829,Low,0,nback
6,3,2021-08-27 12:30:55.500000+00:00,6.8563204,6.4562764,Low,0,nback
6,3,2021-08-27 12:31:10.500000+00:00,7.041314,6.631788,Low,0,nback
6,3,2021-08-27 12:31:25.500000+00:00,7.1325603,6.7820196,Low,0,nback
6,3,2021-08-27 12:31:40.500000+00:00,7.2179513,6.912799,Low,0,nback
6,3,2021-08-27 12:31:55.500000+00:00,6.9207873,6.9151955,Low,0,nback
6,3,2021-08-27 12:32:10.500000+00:00,6.9979315,6.9400163,Low,0,nback
6,3,2021-08-27 12:32:25.500000+00:00,6.9137893,6.932148,Low,0,nback
6,3,2021-08-27 12:32:40.500000+00:00,6.9309134,6.9317775,Low,0,nback
6,3,2021-08-27 12:32:55.500000+00:00,7.6799273,7.1562223,Low,0,nback
6,3,2021-08-27 12:33:10.500000+00:00,6.9483232,7.0938525,Low,0,nback
6,3,2021-08-27 12:33:25.500000+00:00,6.772804,6.997538,Low,0,nback
6,3,2021-08-27 12:33:40.500000+00:00,7.1119046,7.031848,Low,0,nback
6,3,2021-08-27 12:33:55.500000+00:00,6.952644,7.008087,Low,0,nback
6,3,2021-08-27 12:34:10.500000+00:00,7.0623155,7.024356,Low,0,crt
6,3,2021-08-27 12:34:25.500000+00:00,7.1011767,7.0474024,Low,0,crt
6,3,2021-08-27 12:34:40.500000+00:00,7.1676097,7.0834646,Low,0,crt
6,3,2021-08-27 12:34:55.500000+00:00,7.0498643,7.0733843,Low,0,crt
6,3,2021-08-27 12:35:10.500000+00:00,7.208698,7.1139784,Low,0,nback
6,3,2021-08-27 12:35:25.500000+00:00,6.93049,7.0589323,Low,0,nback
6,3,2021-08-27 12:35:40.500000+00:00,6.78685,6.977308,Low,0,nback
6,3,2021-08-27 12:35:55.500000+00:00,7.114177,7.0183687,Low,0,nback
6,3,2021-08-27 12:36:10.500000+00:00,7.124352,7.0501637,Low,0,nback
6,3,2021-08-27 12:36:25.500000+00:00,7.196304,7.0940056,Low,0,nback
6,3,2021-08-27 12:36:40.500000+00:00,7.1687484,7.1164284,Low,0,nback
6,3,2021-08-27 12:36:55.500000+00:00,6.9741473,7.073744,Low,0,nback
6,3,2021-08-27 12:37:10.500000+00:00,16.34205,9.854237,Low,0,nback
6,3,2021-08-27 12:37:25.500000+00:00,16.704674,11.909368,Low,0,nback
6,3,2021-08-27 12:37:40.500000+00:00,16.530586,13.295733,Low,0,nback
6,3,2021-08-27 12:37:55.500000+00:00,16.372448,14.218748,Low,0,nback
6,3,2021-08-27 12:38:10.500000+00:00,16.755142,14.979666,Low,0,nback
6,3,2021-08-27 12:38:25.500000+00:00,16.875338,15.548367,Low,0,nback
6,3,2021-08-27 12:38:40.500000+00:00,16.808989,15.926554,Low,0,nback
6,3,2021-08-27 12:38:55.500000+00:00,17.066246,16.268461,Low,0,nback
6,3,2021-08-27 12:39:10.500000+00:00,16.445173,16.321474,Low,0,nback
6,3,2021-08-27 12:39:25.500000+00:00,17.344625,16.62842,Low,0,nback
6,3,2021-08-27 12:39:40.500000+00:00,16.503736,16.591015,Low,0,nback
6,3,2021-08-27 12:39:55.500000+00:00,16.442532,16.54647,Low,0,nback
6,3,2021-08-27 12:40:10.500000+00:00,16.85566,16.639227,Low,0,nback
6,3,2021-08-27 12:40:25.500000+00:00,16.509321,16.600256,Low,0,crt
6,3,2021-08-27 12:40:40.500000+00:00,16.755913,16.646954,Low,0,crt
6,3,2021-08-27 12:40:55.500000+00:00,16.496273,16.60175,Low,0,crt
6,3,2021-08-27 12:41:10.500000+00:00,16.898373,16.690737,Low,0,crt
6,3,2021-08-27 12:41:25.500000+00:00,16.787067,16.719635,Low,0,nback
6,3,2021-08-27 12:41:40.500000+00:00,16.733908,16.723917,Low,0,nback
7,1,2021-08-27 13:15:26.500000+00:00,0.7596189,11.934627,Low,0,baseline
7,1,2021-08-27 13:15:41.500000+00:00,-0.14600378,8.310437,Low,0,baseline
7,1,2021-08-27 13:15:56.500000+00:00,0.34026995,5.919387,Low,0,baseline
7,1,2021-08-27 13:16:11.500000+00:00,0.16088046,4.191835,Low,0,baseline
7,1,2021-08-27 13:16:26.500000+00:00,0.24214557,3.0069282,Low,0,baseline
7,1,2021-08-27 13:16:41.500000+00:00,0.21481131,2.1692932,Low,0,baseline
7,1,2021-08-27 13:16:56.500000+00:00,0.02052255,1.524662,Low,0,baseline
7,1,2021-08-27 13:17:11.500000+00:00,0.26637065,1.1471746,Low,0,baseline
7,1,2021-08-27 13:17:26.500000+00:00,0.084530935,0.8283815,Low,0,baseline
7,1,2021-08-27 13:17:41.500000+00:00,-0.031655997,0.5703702,Low,0,baseline
7,1,2021-08-27 13:17:56.500000+00:00,0.5090524,0.55197483,Low,0,baseline
7,1,2021-08-27 13:18:11.500000+00:00,0.47787344,0.5297444,Low,0,baseline
7,1,2021-08-27 13:18:26.500000+00:00,0.80706614,0.6129409,Low,0,baseline
7,1,2021-08-27 13:18:41.500000+00:00,-0.020565398,0.42288902,Low,0,baseline
7,1,2021-08-27 13:18:56.500000+00:00,-0.037634756,0.2847319,Low,0,crt
7,1,2021-08-27 13:19:11.500000+00:00,-0.008086333,0.19688644,Low,0,crt
7,1,2021-08-27 13:19:26.500000+00:00,0.6480836,0.3322456,Low,0,crt
7,1,2021-08-27 13:19:41.500000+00:00,0.9615086,0.5210245,Low,0,crt
7,1,2021-08-27 13:19:56.500000+00:00,0.015635319,0.36940774,Low,0,crt
7,1,2021-08-27 13:20:11.500000+00:00,-0.29576385,0.16985627,Low,0,crt
7,1,2021-08-27 13:20:26.500000+00:00,0.4211638,0.24524853,Low,0,nback
7,1,2021-08-27 13:20:41.500000+00:00,0.21995749,0.23766121,Low,0,nback
7,1,2021-08-27 13:20:56.500000+00:00,0.052988164,0.1822593,Low,0,nback
7,1,2021-08-27 13:21:11.500000+00:00,0.5183761,0.28309435,Low,0,nback
7,1,2021-08-27 13:21:26.500000+00:00,0.1397154,0.24008067,Low,0,nback
7,1,2021-08-27 13:21:41.500000+00:00,0.2789949,0.25175494,Low,0,nback
7,1,2021-08-27 13:21:56.500000+00:00,0.66671807,0.3762439,Low,0,nback
7,1,2021-08-27 13:22:11.500000+00:00,0.13266565,0.3031704,Low,0,nback
7,1,2021-08-27 13:22:26.500000+00:00,0.29116234,0.299568,Low,0,nback
7,1,2021-08-27 13:22:41.500000+00:00,0.33522362,0.31026468,Low,0,nback
7,1,2021-08-27 13:22:56.500000+00:00,0.4591241,0.3549225,Low,0,nback
7,1,2021-08-27 13:23:11.500000+00:00,0.17446491,0.3007852,Low,0,nback
7,1,2021-08-27 13:23:26.500000+00:00,0.17326158,0.26252812,Low,0,nback
7,1,2021-08-27 13:23:41.500000+00:00,0.054575384,0.20014231,Low,0,nback
7,1,2021-08-27 13:23:56.500000+00:00,0.63089263,0.3293674,Low,0,nback
7,1,2021-08-27 13:24:11.500000+00:00,1.1575813,0.5778316,Low,0,nback
7,1,2021-08-27 13:24:26.500000+00:00,0.20089635,0.46475103,Low,0,nback
7,1,2021-08-27 13:24:41.500000+00:00,0.34779248,0.42966348,Low,0,nback
7,1,2021-08-27 13:24:56.500000+00:00,0.1087211,0.33338076,Low,0,nback
7,1,2021-08-27 13:25:11.500000+00:00,0.32980916,0.33230928,Low,0,nback
7,1,2021-08-27 13:25:26.500000+00:00,-0.03281717,0.22277133,Low,0,nback
7,1,2021-08-27 13:25:41.500000+00:00,0.060740117,0.17416197,Low,0,nback
7,1,2021-08-27 13:25:56.500000+00:00,0.8596677,0.3798137,Low,0,nback
7,1,2021-08-27 13:26:11.500000+00:00,0.16573524,0.31559017,Low,0,nback
7,1,2021-08-27 13:26:26.500000+00:00,0.39355654,0.33898008,Low,0,nback
7,1,2021-08-27 13:26:41.500000+00:00,0.19180235,0.29482675,Low,0,crt
7,1,2021-08-27 13:26:56.500000+00:00,0.44959483,0.34125715,Low,0,crt
7,1,2021-08-27 13:27:11.500000+00:00,0.30557466,0.3305524,Low,0,crt
7,1,2021-08-27 13:27:26.500000+00:00,0.037719708,0.24270259,Low,0,crt
7,1,2021-08-27 13:27:41.500000+00:00,0.16847967,0.22043571,Low,0,crt
7,1,2021-08-27 13:27:56.500000+00:00,0.11340685,0.18832704,Low,0,nback
7,1,2021-08-27 13:28:11.500000+00:00,0.36475497,0.24125543,Low,0,nback
7,1,2021-08-27 13:28:26.500000+00:00,0.095586985,0.19755489,Low,0,nback
7,1,2021-08-27 13:28:41.500000+00:00,0.11347346,0.17233047,Low,0,nback
7,1,2021-08-27 13:28:56.500000+00:00,0.8122707,0.36431256,Low,0,nback
7,1,2021-08-27 13:29:11.500000+00:00,0.5102772,0.40810198,Low,0,nback
7,1,2021-08-27 13:29:26.500000+00:00,0.6997441,0.49559462,Low,0,nback
7,1,2021-08-27 13:29:41.500000+00:00,0.24013762,0.41895753,Low,0,nback
7,1,2021-08-27 13:29:56.500000+00:00,0.6438975,0.48643953,Low,0,nback
7,1,2021-08-27 13:30:11.500000+00:00,0.58730704,0.5166998,Low,0,nback
7,1,2021-08-27 13:30:26.500000+00:00,-0.007017367,0.35958463,Low,0,nback
7,1,2021-08-27 13:30:41.500000+00:00,-0.034597665,0.24132992,Low,0,nback
7,1,2021-08-27 13:30:56.500000+00:00,0.06977283,0.1898628,Low,0,nback
7,1,2021-08-27 13:31:11.500000+00:00,1.3069006,0.52497417,Low,0,nback
7,1,2021-08-27 13:31:26.500000+00:00,0.5445419,0.5308445,Low,0,nback
7,1,2021-08-27 13:31:41.500000+00:00,-0.20449759,0.31024188,Low,0,nback
7,1,2021-08-27 13:31:56.500000+00:00,-0.23762001,0.1458833,Low,0,nback
7,1,2021-08-27 13:32:11.500000+00:00,0.6241426,0.2893611,Low,0,nback
7,1,2021-08-27 13:32:26.500000+00:00,0.05647134,0.21949416,Low,0,nback
7,1,2021-08-27 13:32:41.500000+00:00,-0.21293247,0.089766175,Low,0,nback
7,1,2021-08-27 13:32:56.500000+00:00,0.20508257,0.12436109,Low,0,nback
7,1,2021-08-27 13:33:11.500000+00:00,0.89859897,0.35663247,Low,0,nback
7,1,2021-08-27 13:33:26.500000+00:00,-0.44287127,0.11678134,Low,0,nback
7,1,2021-08-27 13:33:41.500000+00:00,-0.13898544,0.040051304,Low,0,nback
7,1,2021-08-27 13:33:56.500000+00:00,-0.49481323,-0.12040807,Low,0,nback
7,1,2021-08-27 13:34:11.500000+00:00,0.23578523,-0.013550073,Low,0,nback
7,1,2021-08-27 13:34:26.500000+00:00,0.14118333,0.03286995,Low,0,nback
7,1,2021-08-27 13:34:41.500000+00:00,-0.25124362,-0.052364126,Low,0,crt
7,1,2021-08-27 13:34:56.500000+00:00,0.042278815,-0.023971241,Low,0,crt
7,1,2021-08-27 13:35:11.500000+00:00,0.12698159,0.021314608,Low,0,crt
7,1,2021-08-27 13:35:26.500000+00:00,0.22507672,0.082443245,Low,0,crt
7,1,2021-08-27 13:35:41.500000+00:00,0.103626624,0.08879826,Low,0,crt
7,1,2021-08-27 13:35:56.500000+00:00,0.5182088,0.21762143,Low,0,nback
7,1,2021-08-27 13:36:11.500000+00:00,0.37518385,0.26489016,Low,0,nback
7,2,2021-08-31 12:10:07.500000+00:00,-0.124520734,0.14806688,Low,0,baseline
7,2,2021-08-31 12:10:22.500000+00:00,0.33014613,0.20269066,Low,0,baseline
7,2,2021-08-31 12:10:37.500000+00:00,-0.10994935,0.108898655,Low,0,baseline
7,2,2021-08-31 12:10:52.500000+00:00,0.35600758,0.18303134,Low,0,baseline
7,2,2021-08-31 12:11:07.500000+00:00,0.17329414,0.18011017,Low,0,baseline
7,2,2021-08-31 12:11:22.500000+00:00,-0.18712424,0.06993984,Low,0,baseline
7,2,2021-08-31 12:11:37.500000+00:00,-0.039522048,0.03710127,Low,0,baseline
7,2,2021-08-31 12:11:52.500000+00:00,0.08139965,0.050390784,Low,0,baseline
7,2,2021-08-31 12:12:07.500000+00:00,0.038957674,0.046960853,Low,0,baseline
7,2,2021-08-31 12:12:22.500000+00:00,0.26355308,0.11193852,Low,0,baseline
7,2,2021-08-31 12:12:37.500000+00:00,0.268314,0.15885118,Low,0,baseline
7,2,2021-08-31 12:12:52.500000+00:00,0.15699258,0.1582936,Low,0,baseline
7,2,2021-08-31 12:13:07.500000+00:00,-0.024176378,0.1035526,Low,0,baseline
7,2,2021-08-31 12:13:22.500000+00:00,0.047909517,0.08685967,Low,0,crt
7,2,2021-08-31 12:13:37.500000+00:00,-0.19608198,0.0019771755,Low,0,crt
7,2,2021-08-31 12:13:52.500000+00:00,-0.12042737,-0.03474419,Low,0,crt
7,2,2021-08-31 12:14:07.500000+00:00,0.3738255,0.08782672,Low,0,crt
7,2,2021-08-31 12:14:22.500000+00:00,-0.10803131,0.029069308,Low,0,crt
7,2,2021-08-31 12:14:37.500000+00:00,0.058012713,0.03775233,Low,0,nback
7,2,2021-08-31 12:14:52.500000+00:00,0.55784976,0.19378157,Low,0,nback
7,2,2021-08-31 12:15:07.500000+00:00,-0.19702776,0.07653877,Low,0,nback
7,2,2021-08-31 12:15:22.500000+00:00,0.009507113,0.056429274,Low,0,nback
7,2,2021-08-31 12:15:37.500000+00:00,0.07917888,0.063254155,Low,0,nback
7,2,2021-08-31 12:15:52.500000+00:00,0.11428642,0.07856384,Low,0,nback
7,2,2021-08-31 12:16:07.500000+00:00,0.3987228,0.17461154,Low,0,nback
7,2,2021-08-31 12:16:22.500000+00:00,-0.03807255,0.110806316,Low,0,nback
7,2,2021-08-31 12:16:37.500000+00:00,0.43211666,0.20719942,Low,0,nback
7,2,2021-08-31 12:16:52.500000+00:00,0.47352752,0.28709787,Low,0,nback
7,2,2021-08-31 12:17:07.500000+00:00,0.39116523,0.31831807,Low,0,nback
7,2,2021-08-31 12:17:22.500000+00:00,0.5055961,0.37450147,Low,0,nback
7,2,2021-08-31 12:17:37.500000+00:00,0.29182038,0.34969714,Low,0,nback
7,2,2021-08-31 12:17:52.500000+00:00,0.28120068,0.3291482,Low,0,nback
7,2,2021-08-31 12:18:07.500000+00:00,0.56595135,0.40018916,Low,0,nback
7,2,2021-08-31 12:18:22.500000+00:00,0.6578088,0.47747505,Low,0,nback
7,2,2021-08-31 12:18:37.500000+00:00,0.5782166,0.5076975,Low,0,nback
7,2,2021-08-31 12:18:52.500000+00:00,0.41174474,0.4789117,Low,0,nback
7,2,2021-08-31 12:19:07.500000+00:00,0.41800365,0.4606393,Low,0,nback
7,2,2021-08-31 12:19:22.500000+00:00,0.8666551,0.5824441,Low,0,nback
7,2,2021-08-31 12:19:37.500000+00:00,0.45601368,0.54451495,Low,0,nback
7,2,2021-08-31 12:19:52.500000+00:00,0.6116603,0.5646586,Low,0,nback
7,2,2021-08-31 12:20:07.500000+00:00,0.4838505,0.5404161,Low,0,nback
7,2,2021-08-31 12:20:22.500000+00:00,0.25622565,0.45515898,Low,0,crt
7,2,2021-08-31 12:20:37.500000+00:00,0.35071337,0.42382532,Low,0,crt
7,2,2021-08-31 12:20:52.500000+00:00,0.76670057,0.52668786,Low,0,crt
7,2,2021-08-31 12:21:07.500000+00:00,0.3078,0.46102148,Low,0,crt
7,2,2021-08-31 12:21:22.500000+00:00,0.4183465,0.448219,Low,0,nback
7,2,2021-08-31 12:21:37.500000+00:00,0.28934628,0.4005572,Low,0,nback
7,2,2021-08-31 12:21:52.500000+00:00,0.48737788,0.42660338,Low,0,nback
7,2,2021-08-31 12:22:07.500000+00:00,0.1058566,0.33037937,Low,0,nback
7,2,2021-08-31 12:22:22.500000+00:00,1.1206579,0.5674629,Low,0,nback
7,2,2021-08-31 12:22:37.500000+00:00,0.2723883,0.47894055,Low,0,nback
7,2,2021-08-31 12:22:52.500000+00:00,0.45384964,0.47141325,Low,0,nback
7,2,2021-08-31 12:23:07.500000+00:00,0.29018837,0.4170458,Low,0,nback
7,2,2021-08-31 12:23:22.500000+00:00,0.3847229,0.40734893,Low,0,nback
7,2,2021-08-31 12:23:37.500000+00:00,0.8632375,0.54411554,Low,0,nback
7,2,2021-08-31 12:23:52.500000+00:00,0.934579,0.6612546,Low,0,nback
7,2,2021-08-31 12:24:07.500000+00:00,1.8640184,1.0220838,Low,0,nback
7,2,2021-08-31 12:24:22.500000+00:00,0.14261249,0.75824237,Low,0,nback
7,2,2021-08-31 12:24:37.500000+00:00,0.3205666,0.62693965,Low,0,nback
7,2,2021-08-31 12:24:52.500000+00:00,0.12937644,0.4776707,Low,0,nback
7,2,2021-08-31 12:25:07.500000+00:00,0.019375883,0.34018224,Low,0,nback
7,2,2021-08-31 12:25:22.500000+00:00,0.3054777,0.3297709,Low,0,nback
7,2,2021-08-31 12:25:37.500000+00:00,0.7000739,0.44086182,Low,0,nback
7,2,2021-08-31 12:25:52.500000+00:00,0.03028078,0.31768748,Low,0,nback
7,2,2021-08-31 12:26:07.500000+00:00,0.17929554,0.2761699,Low,0,nback
7,2,2021-08-31 12:26:22.500000+00:00,0.12801556,0.23172359,Low,0,nback
7,2,2021-08-31 12:26:37.500000+00:00,0.7931732,0.40015846,Low,0,nback
7,2,2021-08-31 12:26:52.500000+00:00,0.50549024,0.431758,Low,0,nback
7,2,2021-08-31 12:27:07.500000+00:00,-0.6552848,0.105645135,Low,0,nback
7,2,2021-08-31 12:27:22.500000+00:00,0.26717782,0.15410495,Low,0,nback
7,2,2021-08-31 12:27:37.500000+00:00,0.17767458,0.16117583,Low,0,nback
7,2,2021-08-31 12:27:52.500000+00:00,-0.12772523,0.074505515,Low,0,nback
7,2,2021-08-31 12:28:07.500000+00:00,-0.10373307,0.021033937,Low,0,nback
7,2,2021-08-31 12:28:22.500000+00:00,0.41097358,0.13801584,Low,0,nback
7,2,2021-08-31 12:28:37.500000+00:00,-0.28254592,0.011847302,Low,0,crt
7,2,2021-08-31 12:28:52.500000+00:00,0.07249964,0.030043006,Low,0,crt
7,2,2021-08-31 12:29:07.500000+00:00,-0.014774975,0.01659761,Low,0,crt
7,2,2021-08-31 12:29:22.500000+00:00,-0.052620437,-0.0041678054,Low,0,crt
7,2,2021-08-31 12:29:37.500000+00:00,0.17038178,0.048197072,Low,0,crt
7,2,2021-08-31 12:29:52.500000+00:00,0.52092713,0.19001609,Low,0,nback
7,2,2021-08-31 12:30:07.500000+00:00,0.27157494,0.21448375,Low,0,nback
7,3,2021-09-01 12:06:32.500000+00:00,-0.25492766,0.07366033,Low,0,baseline
7,3,2021-09-01 12:06:47.500000+00:00,-0.007545611,0.049298547,Low,0,baseline
7,3,2021-09-01 12:07:02.500000+00:00,-0.10799286,0.002111122,Low,0,baseline
7,3,2021-09-01 12:07:17.500000+00:00,0.09502745,0.02998602,Low,0,baseline
7,3,2021-09-01 12:07:32.500000+00:00,0.0054091923,0.02261297,Low,0,baseline
7,3,2021-09-01 12:07:47.500000+00:00,0.12872317,0.054446034,Low,0,baseline
7,3,2021-09-01 12:08:02.500000+00:00,0.41847947,0.16365607,Low,0,baseline
7,3,2021-09-01 12:08:17.500000+00:00,-0.35254392,0.008796066,Low,0,baseline
7,3,2021-09-01 12:08:32.500000+00:00,-0.21030119,-0.056933116,Low,0,baseline
7,3,2021-09-01 12:08:47.500000+00:00,-0.0026821697,-0.040657833,Low,0,baseline
7,3,2021-09-01 12:09:02.500000+00:00,-0.015538328,-0.03312198,Low,0,baseline
7,3,2021-09-01 12:09:17.500000+00:00,0.5093235,0.12961166,Low,0,baseline
7,3,2021-09-01 12:09:32.500000+00:00,0.007986747,0.09312418,Low,0,baseline
7,3,2021-09-01 12:09:47.500000+00:00,-0.108498745,0.0326373,Low,0,crt
7,3,2021-09-01 12:10:02.500000+00:00,0.011683243,0.026351083,Low,0,crt
7,3,2021-09-01 12:10:17.500000+00:00,-0.023477994,0.011402359,Low,0,crt
7,3,2021-09-01 12:10:32.500000+00:00,0.15950832,0.055834148,Low,0,crt
7,3,2021-09-01 12:10:47.500000+00:00,0.09506983,0.067604855,Low,0,nback
7,3,2021-09-01 12:11:02.500000+00:00,-0.38203403,-0.06728682,Low,0,nback
7,3,2021-09-01 12:11:17.500000+00:00,0.744073,0.17612113,Low,0,nback
7,3,2021-09-01 12:11:32.500000+00:00,-0.03394019,0.113102734,Low,0,nback
7,3,2021-09-01 12:11:47.500000+00:00,0.24069114,0.15137926,Low,0,nback
7,3,2021-09-01 12:12:02.500000+00:00,0.78112954,0.34030434,Low,0,nback
7,3,2021-09-01 12:12:17.500000+00:00,0.6475117,0.43246657,Low,0,nback
7,3,2021-09-01 12:12:32.500000+00:00,0.034789573,0.31316346,Low,0,nback
7,3,2021-09-01 12:12:47.500000+00:00,0.5464707,0.38315564,Low,0,nback
7,3,2021-09-01 12:13:02.500000+00:00,0.33601636,0.36901385,Low,0,nback
7,3,2021-09-01 12:13:17.500000+00:00,0.53761554,0.41959435,Low,0,nback
7,3,2021-09-01 12:13:32.500000+00:00,0.018201405,0.29917645,Low,0,nback
7,3,2021-09-01 12:13:47.500000+00:00,0.42914048,0.33816564,Low,0,nback
7,3,2021-09-01 12:14:02.500000+00:00,-0.041586637,0.22423995,Low,0,nback
7,3,2021-09-01 12:14:17.500000+00:00,0.19136848,0.2143785,Low,0,nback
7,3,2021-09-01 12:14:32.500000+00:00,0.03190146,0.15963538,Low,0,nback
7,3,2021-09-01 12:14:47.500000+00:00,-0.03309226,0.10181709,Low,0,nback
7,3,2021-09-01 12:15:02.500000+00:00,-0.21667571,0.006269239,Low,0,nback
7,3,2021-09-01 12:15:17.500000+00:00,0.4823892,0.14910524,Low,0,nback
7,3,2021-09-01 12:15:32.500000+00:00,0.061579883,0.12284763,Low,0,nback
7,3,2021-09-01 12:15:47.500000+00:00,0.12211079,0.12262658,Low,0,nback
7,3,2021-09-01 12:16:02.500000+00:00,0.15973791,0.13375999,Low,0,crt
7,3,2021-09-01 12:16:17.500000+00:00,0.051507965,0.10908438,Low,0,crt
7,3,2021-09-01 12:16:32.500000+00:00,0.37001958,0.18736494,Low,0,crt
7,3,2021-09-01 12:16:47.500000+00:00,-0.32087228,0.03489376,Low,0,crt
7,3,2021-09-01 12:17:02.500000+00:00,0.10069443,0.05463396,Low,0,crt
7,3,2021-09-01 12:17:17.500000+00:00,0.22455105,0.10560909,Low,0,nback
7,3,2021-09-01 12:17:32.500000+00:00,0.16533327,0.12352634,Low,0,nback
7,3,2021-09-01 12:17:47.500000+00:00,0.060184862,0.1045239,Low,0,nback
7,3,2021-09-01 12:18:02.500000+00:00,0.11996452,0.10915609,Low,0,nback
7,3,2021-09-01 12:18:17.500000+00:00,0.13821666,0.11787426,Low,0,nback
7,3,2021-09-01 12:18:32.500000+00:00,0.22487085,0.14997324,Low,0,nback
7,3,2021-09-01 12:18:47.500000+00:00,0.86194015,0.36356333,Low,0,nback
7,3,2021-09-01 12:19:02.500000+00:00,0.00851337,0.25704834,Low,0,nback
7,3,2021-09-01 12:19:17.500000+00:00,0.21790189,0.2453044,Low,0,nback
7,3,2021-09-01 12:19:32.500000+00:00,0.3026412,0.26250544,Low,0,nback
7,3,2021-09-01 12:19:47.500000+00:00,0.011234058,0.18712401,Low,0,nback
7,3,2021-09-01 12:20:02.500000+00:00,-0.1353504,0.09038168,Low,0,nback
7,3,2021-09-01 12:20:17.500000+00:00,0.16609363,0.11309527,Low,0,nback
7,3,2021-09-01 12:20:32.500000+00:00,0.12890075,0.117836915,Low,0,nback
7,3,2021-09-01 12:20:47.500000+00:00,-0.09593532,0.05370524,Low,0,nback
7,3,2021-09-01 12:21:02.500000+00:00,-0.08389561,0.012424987,Low,0,nback
7,3,2021-09-01 12:21:17.500000+00:00,0.3724135,0.120421536,Low,0,nback
7,3,2021-09-01 12:21:32.500000+00:00,0.14181335,0.12683907,Low,0,nback
7,3,2021-09-01 12:21:47.500000+00:00,0.39622664,0.20765534,Low,0,nback
7,3,2021-09-01 12:22:02.500000+00:00,0.31889275,0.24102658,Low,0,nback
7,3,2021-09-01 12:22:17.500000+00:00,0.1033933,0.1997366,Low,0,nback
7,3,2021-09-01 12:22:32.500000+00:00,0.09247755,0.16755888,Low,0,nback
7,3,2021-09-01 12:22:47.500000+00:00,0.3873187,0.23348683,Low,0,nback
7,3,2021-09-01 12:23:02.500000+00:00,-0.042055022,0.15082428,Low,0,nback
7,3,2021-09-01 12:23:17.500000+00:00,0.321005,0.20187849,Low,0,nback
7,3,2021-09-01 12:23:32.500000+00:00,0.55470955,0.3077278,Low,0,nback
7,3,2021-09-01 12:23:47.500000+00:00,0.7146331,0.4297994,Low,0,nback
7,3,2021-09-01 12:24:02.500000+00:00,0.26751772,0.3811149,Low,0,nback
7,3,2021-09-01 12:24:17.500000+00:00,0.58675194,0.442806,Low,0,nback
7,3,2021-09-01 12:24:32.500000+00:00,0.37918538,0.42371982,Low,0,nback
7,3,2021-09-01 12:24:47.500000+00:00,0.34013414,0.3986441,Low,0,nback
7,3,2021-09-01 12:25:02.500000+00:00,0.0771773,0.30220404,Low,0,nback
7,3,2021-09-01 12:25:17.500000+00:00,0.42068288,0.3377477,Low,0,nback
7,3,2021-09-01 12:25:32.500000+00:00,0.4010254,0.35673103,Low,0,nback
7,3,2021-09-01 12:25:47.500000+00:00,0.20375854,0.3108393,Low,0,nback
7,3,2021-09-01 12:26:02.500000+00:00,0.3161114,0.3124209,Low,0,nback
7,3,2021-09-01 12:26:17.500000+00:00,0.2820603,0.30331272,Low,0,nback
7,3,2021-09-01 12:26:32.500000+00:00,0.09541188,0.24094246,Low,0,nback
7,3,2021-09-01 12:26:47.500000+00:00,0.2810076,0.252962,Low,0,nback
7,3,2021-09-01 12:27:02.500000+00:00,0.42262724,0.30386156,Low,0,nback
7,3,2021-09-01 12:27:17.500000+00:00,0.3301319,0.31174266,Low,0,nback
7,3,2021-09-01 12:27:32.500000+00:00,0.31309402,0.31214806,Low,0,nback
7,3,2021-09-01 12:27:47.500000+00:00,0.42878145,0.34713808,Low,0,crt
7,3,2021-09-01 12:28:02.500000+00:00,0.02541852,0.2506222,Low,0,crt
7,3,2021-09-01 12:28:17.500000+00:00,0.28163385,0.2599257,Low,0,crt
7,3,2021-09-01 12:28:32.500000+00:00,0.5616509,0.35044324,Low,0,crt
7,3,2021-09-01 12:28:47.500000+00:00,0.55453134,0.41166967,Low,0,crt
7,3,2021-09-01 12:29:02.500000+00:00,0.3894373,0.40499994,Low,0,nback
7,3,2021-09-01 12:29:17.500000+00:00,0.63958377,0.47537512,Low,0,nback
8,1,2021-08-31 13:18:46.500000+00:00,12.1755085,3.9854152,Low,0,baseline
8,1,2021-08-31 13:19:01.500000+00:00,12.467631,6.53008,Low,0,baseline
8,1,2021-08-31 13:19:16.500000+00:00,11.675947,8.07384,Low,0,baseline
8,1,2021-08-31 13:19:31.500000+00:00,12.193099,9.309618,Low,0,baseline
8,1,2021-08-31 13:19:46.500000+00:00,12.772632,10.348522,Low,0,baseline
8,1,2021-08-31 13:20:01.500000+00:00,12.113988,10.878162,Low,0,baseline
8,1,2021-08-31 13:20:16.500000+00:00,12.343871,11.317875,Low,0,baseline
8,1,2021-08-31 13:20:31.500000+00:00,12.209212,11.585277,Low,0,baseline
8,1,2021-08-31 13:20:46.500000+00:00,12.551855,11.87525,Low,0,baseline
8,1,2021-08-31 13:21:01.500000+00:00,12.079949,11.93666,Low,0,baseline
8,1,2021-08-31 13:21:16.500000+00:00,12.225856,12.023418,Low,0,baseline
8,1,2021-08-31 13:21:31.500000+00:00,12.124537,12.053754,Low,0,baseline
8,1,2021-08-31 13:21:46.500000+00:00,12.024164,12.044877,Low,0,baseline
8,1,2021-08-31 13:22:01.500000+00:00,12.240723,12.10363,Low,0,baseline
8,1,2021-08-31 13:22:16.500000+00:00,12.575415,12.245165,Low,0,crt
8,1,2021-08-31 13:22:31.500000+00:00,12.666409,12.371538,Low,0,crt
8,1,2021-08-31 13:22:46.500000+00:00,12.537142,12.421219,Low,0,crt
8,1,2021-08-31 13:23:01.500000+00:00,11.956026,12.281661,Low,0,crt
8,1,2021-08-31 13:23:16.500000+00:00,12.041321,12.2095585,Low,0,crt
8,1,2021-08-31 13:23:31.500000+00:00,11.64569,12.040398,Low,0,crt
8,1,2021-08-31 13:23:46.500000+00:00,12.544261,12.191557,Low,0,nback
8,1,2021-08-31 13:24:01.500000+00:00,12.022782,12.140924,Low,0,nback
8,1,2021-08-31 13:24:16.500000+00:00,12.61288,12.282511,Low,0,nback
8,1,2021-08-31 13:24:31.500000+00:00,12.12382,12.234903,Low,0,nback
8,1,2021-08-31 13:24:46.500000+00:00,11.794325,12.10273,Low,0,nback
8,1,2021-08-31 13:25:01.500000+00:00,12.142599,12.114691,Low,0,nback
8,1,2021-08-31 13:25:16.500000+00:00,12.378007,12.193686,Low,0,nback
8,1,2021-08-31 13:25:31.500000+00:00,19.772846,14.467434,Low,0,nback
8,1,2021-08-31 13:25:46.500000+00:00,19.636976,16.018297,Low,0,nback
8,1,2021-08-31 13:26:01.500000+00:00,19.374596,17.025187,Low,0,nback
8,1,2021-08-31 13:26:16.500000+00:00,19.56906,17.78835,Low,0,nback
8,1,2021-08-31 13:26:31.500000+00:00,19.408293,18.274332,Low,0,nback
8,1,2021-08-31 13:26:46.500000+00:00,19.446297,18.625921,Low,0,nback
8,1,2021-08-31 13:27:01.500000+00:00,19.58782,18.914492,Low,0,nback
8,1,2021-08-31 13:27:16.500000+00:00,19.522251,19.096819,Low,0,nback
8,1,2021-08-31 13:27:31.500000+00:00,19.214777,19.132206,Low,0,nback
8,1,2021-08-31 13:27:46.500000+00:00,19.72532,19.31014,Low,0,nback
8,1,2021-08-31 13:28:01.500000+00:00,20.051191,19.532455,Low,0,nback
8,1,2021-08-31 13:28:16.500000+00:00,19.650919,19.567995,Low,0,nback
8,1,2021-08-31 13:28:31.500000+00:00,19.859556,19.655464,Low,0,nback
8,1,2021-08-31 13:28:46.500000+00:00,19.72457,19.676195,Low,0,crt
8,1,2021-08-31 13:29:01.500000+00:00,19.496649,19.622332,Low,0,crt
8,1,2021-08-31 13:29:16.500000+00:00,19.619987,19.621628,Low,0,crt
8,1,2021-08-31 13:29:31.500000+00:00,19.495832,19.583889,Low,0,crt
8,1,2021-08-31 13:29:46.500000+00:00,19.738876,19.630386,Low,0,crt
8,1,2021-08-31 13:30:01.500000+00:00,20.947618,20.025557,Low,0,nback
8,1,2021-08-31 13:30:16.500000+00:00,20.020164,20.02394,Low,0,nback
8,1,2021-08-31 13:30:31.500000+00:00,20.147936,20.061138,Low,0,nback
8,1,2021-08-31 13:30:46.500000+00:00,19.320498,19.838945,Low,0,nback
8,1,2021-08-31 13:31:01.500000+00:00,19.889414,19.854086,Low,0,nback
8,1,2021-08-31 13:31:16.500000+00:00,19.810871,19.841122,Low,0,nback
8,1,2021-08-31 13:31:31.500000+00:00,20.494488,20.037132,Low,0,nback
8,1,2021-08-31 13:31:46.500000+00:00,19.957153,20.013138,Low,0,nback
8,1,2021-08-31 13:32:01.500000+00:00,62.184578,32.66457,Low,0,nback
8,1,2021-08-31 13:32:16.500000+00:00,62.23267,41.535,Medium,0,nback
8,1,2021-08-31 13:32:31.500000+00:00,62.170662,47.7257,Medium,0,nback
8,1,2021-08-31 13:32:46.500000+00:00,62.22822,52.076454,Medium,0,nback
8,1,2021-08-31 13:33:01.500000+00:00,62.66807,55.25394,Medium,0,nback
8,1,2021-08-31 13:33:16.500000+00:00,62.121956,57.314346,Medium,0,nback
8,1,2021-08-31 13:33:31.500000+00:00,60.311165,58.21339,Medium,0,nback
8,1,2021-08-31 13:33:46.500000+00:00,60.34686,58.85343,Medium,0,nback
8,1,2021-08-31 13:34:01.500000+00:00,60.553543,59.363464,Medium,0,nback
8,1,2021-08-31 13:34:16.500000+00:00,62.285465,60.240067,Medium,0,nback
8,1,2021-08-31 13:34:31.500000+00:00,62.170525,60.819202,Medium,0,nback
8,1,2021-08-31 13:34:46.500000+00:00,61.686085,61.07927,Medium,0,nback
8,1,2021-08-31 13:35:01.500000+00:00,61.39568,61.174194,Medium,0,nback
8,1,2021-08-31 13:35:16.500000+00:00,61.82591,61.369705,Medium,0,crt
8,1,2021-08-31 13:35:31.500000+00:00,61.981224,61.55316,Medium,0,crt
8,1,2021-08-31 13:35:46.500000+00:00,62.4449,61.820683,Medium,0,crt
8,1,2021-08-31 13:36:01.500000+00:00,62.24832,61.948975,Medium,0,crt
8,1,2021-08-31 13:36:16.500000+00:00,61.85118,61.919636,Medium,0,crt
8,1,2021-08-31 13:36:31.500000+00:00,61.90679,61.915787,Medium,0,nback
8,1,2021-08-31 13:36:46.500000+00:00,61.021034,61.64736,Medium,0,nback
8,2,2021-09-01 13:10:35.500000+00:00,18.275427,48.63578,Medium,0,baseline
8,2,2021-09-01 13:10:50.500000+00:00,18.519312,39.600838,Medium,0,baseline
8,2,2021-09-01 13:11:05.500000+00:00,18.522732,33.277405,Medium,0,baseline
8,2,2021-09-01 13:11:20.500000+00:00,18.430014,28.823189,Low,0,baseline
8,2,2021-09-01 13:11:35.500000+00:00,18.495836,25.724983,Low,0,baseline
8,2,2021-09-01 13:11:50.500000+00:00,18.369324,23.518286,Low,0,baseline
8,2,2021-09-01 13:12:05.500000+00:00,18.49399,22.010996,Low,0,baseline
8,2,2021-09-01 13:12:20.500000+00:00,18.317762,20.903027,Low,0,baseline
8,2,2021-09-01 13:12:35.500000+00:00,18.494139,20.180359,Low,0,baseline
8,2,2021-09-01 13:12:50.500000+00:00,18.41024,19.649323,Low,0,baseline
8,2,2021-09-01 13:13:05.500000+00:00,18.718304,19.370016,Low,0,baseline
8,2,2021-09-01 13:13:20.500000+00:00,18.415506,19.083664,Low,0,baseline
8,2,2021-09-01 13:13:35.500000+00:00,18.362062,18.867184,Low,0,baseline
8,2,2021-09-01 13:13:50.500000+00:00,18.26375,18.686153,Low,0,crt
8,2,2021-09-01 13:14:05.500000+00:00,18.556652,18.647303,Low,0,crt
8,2,2021-09-01 13:14:20.500000+00:00,18.523273,18.610094,Low,0,crt
8,2,2021-09-01 13:14:35.500000+00:00,18.376406,18.539988,Low,0,crt
8,2,2021-09-01 13:14:50.500000+00:00,18.481127,18.52233,Low,0,nback
8,2,2021-09-01 13:15:05.500000+00:00,18.44387,18.49879,Low,0,nback
8,2,2021-09-01 13:15:20.500000+00:00,18.235918,18.41993,Low,0,nback
8,2,2021-09-01 13:15:35.500000+00:00,17.746761,18.21798,Low,0,nback
8,2,2021-09-01 13:15:50.500000+00:00,18.22008,18.218609,Low,0,nback
8,2,2021-09-01 13:16:05.500000+00:00,18.32023,18.249096,Low,0,nback
8,2,2021-09-01 13:16:20.500000+00:00,18.539288,18.336155,Low,0,nback
8,2,2021-09-01 13:16:35.500000+00:00,18.634047,18.425522,Low,0,nback
8,2,2021-09-01 13:16:50.500000+00:00,57.83632,30.248762,Low,0,nback
8,2,2021-09-01 13:17:05.500000+00:00,57.562603,38.442917,Medium,0,nback
8,2,2021-09-01 13:17:20.500000+00:00,57.790524,44.2472,Medium,0,nback
8,2,2021-09-01 13:17:35.500000+00:00,58.112366,48.40675,Medium,0,nback
8,2,2021-09-01 13:17:50.500000+00:00,57.58334,51.15973,Medium,0,nback
8,2,2021-09-01 13:18:05.500000+00:00,58.39694,53.330894,Medium,0,nback
8,2,2021-09-01 13:18:20.500000+00:00,58.152306,54.77732,Medium,0,nback
8,2,2021-09-01 13:18:35.500000+00:00,57.867756,55.704453,Medium,0,nback
8,2,2021-09-01 13:18:50.500000+00:00,57.804333,56.334415,Medium,0,nback
8,2,2021-09-01 13:19:05.500000+00:00,57.879875,56.798054,Medium,0,nback
8,2,2021-09-01 13:19:20.500000+00:00,57.68731,57.06483,Medium,0,nback
8,2,2021-09-01 13:19:35.500000+00:00,57.388382,57.161896,Medium,0,nback
8,2,2021-09-01 13:19:50.500000+00:00,57.361153,57.221672,Medium,0,nback
8,2,2021-09-01 13:20:05.500000+00:00,57.896786,57.424202,Medium,0,crt
8,2,2021-09-01 13:20:20.500000+00:00,58.001163,57.59729,Medium,0,crt
8,2,2021-09-01 13:20:35.500000+00:00,57.66751,57.61836,Medium,0,crt
8,2,2021-09-01 13:20:50.500000+00:00,58.15824,57.780327,Medium,0,crt
8,2,2021-09-01 13:21:05.500000+00:00,57.761234,57.774597,Medium,0,crt
8,2,2021-09-01 13:21:20.500000+00:00,57.918823,57.817867,Medium,0,nback
8,2,2021-09-01 13:21:35.500000+00:00,57.891624,57.839996,Medium,0,nback
8,2,2021-09-01 13:21:50.500000+00:00,58.05095,57.903282,Medium,0,nback
8,2,2021-09-01 13:22:05.500000+00:00,57.74884,57.85695,Medium,0,nback
8,2,2021-09-01 13:22:20.500000+00:00,58.019146,57.90561,Medium,0,nback
8,2,2021-09-01 13:22:35.500000+00:00,70.348694,61.638535,Medium,0,nback
8,2,2021-09-01 13:22:50.500000+00:00,69.93475,64.127396,Medium,0,nback
8,2,2021-09-01 13:23:05.500000+00:00,70.52756,66.04744,High,0,nback
8,2,2021-09-01 13:23:20.500000+00:00,70.526825,67.39126,High,0,nback
8,2,2021-09-01 13:23:35.500000+00:00,70.6229,68.36075,High,1,nback
8,2,2021-09-01 13:23:50.500000+00:00,70.814156,69.09677,High,1,nback
8,2,2021-09-01 13:24:05.500000+00:00,71.28959,69.754616,High,1,nback
8,2,2021-09-01 13:24:20.500000+00:00,70.46292,69.96711,High,1,nback
8,2,2021-09-01 13:24:35.500000+00:00,70.57411,70.14921,High,1,nback
8,2,2021-09-01 13:24:50.500000+00:00,69.587135,69.98059,High,1,nback
8,2,2021-09-01 13:25:05.500000+00:00,69.8712,69.94777,High,1,nback
8,2,2021-09-01 13:25:20.500000+00:00,71.014534,70.2678,High,1,crt
8,2,2021-09-01 13:25:35.500000+00:00,69.8037,70.12857,High,1,crt
8,2,2021-09-01 13:25:50.500000+00:00,70.87107,70.35132,High,1,crt
8,2,2021-09-01 13:26:05.500000+00:00,70.65118,70.44128,High,1,crt
8,2,2021-09-01 13:26:20.500000+00:00,69.36388,70.11806,High,1,nback
8,2,2021-09-01 13:26:35.500000+00:00,69.83161,70.03212,High,1,nback
8,3,2021-09-02 13:09:43.500000+00:00,17.071545,54.143948,Medium,0,baseline
8,3,2021-09-02 13:09:58.500000+00:00,16.528872,42.859425,Medium,0,baseline
8,3,2021-09-02 13:10:13.500000+00:00,16.827892,35.049965,Medium,0,baseline
8,3,2021-09-02 13:10:28.500000+00:00,16.996431,29.633904,Low,0,baseline
8,3,2021-09-02 13:10:43.500000+00:00,16.7365,25.764683,Low,0,baseline
8,3,2021-09-02 13:10:58.500000+00:00,16.608896,23.017948,Low,0,baseline
8,3,2021-09-02 13:11:13.500000+00:00,17.104906,21.244036,Low,0,baseline
8,3,2021-09-02 13:11:28.500000+00:00,17.180206,20.024887,Low,0,baseline
8,3,2021-09-02 13:11:43.500000+00:00,17.301003,19.207722,Low,0,baseline
8,3,2021-09-02 13:11:58.500000+00:00,16.950369,18.530516,Low,0,baseline
8,3,2021-09-02 13:12:13.500000+00:00,17.204678,18.132765,Low,0,baseline
8,3,2021-09-02 13:12:28.500000+00:00,17.05386,17.809093,Low,0,baseline
8,3,2021-09-02 13:12:43.500000+00:00,17.019653,17.572262,Low,0,baseline
8,3,2021-09-02 13:12:58.500000+00:00,16.50304,17.251495,Low,0,baseline
8,3,2021-09-02 13:13:13.500000+00:00,17.42327,17.303028,Low,0,crt
8,3,2021-09-02 13:13:28.500000+00:00,17.500877,17.362383,Low,0,crt
8,3,2021-09-02 13:13:43.500000+00:00,17.377903,17.367039,Low,0,crt
8,3,2021-09-02 13:13:58.500000+00:00,17.278852,17.340584,Low,0,crt
8,3,2021-09-02 13:14:13.500000+00:00,17.400324,17.358505,Low,0,nback
8,3,2021-09-02 13:14:28.500000+00:00,16.89365,17.219048,Low,0,nback
8,3,2021-09-02 13:14:43.500000+00:00,16.934723,17.13375,Low,0,nback
8,3,2021-09-02 13:14:58.500000+00:00,16.723736,17.010746,Low,0,nback
8,3,2021-09-02 13:15:13.500000+00:00,16.952011,16.993126,Low,0,nback
8,3,2021-09-02 13:15:28.500000+00:00,16.989283,16.991974,Low,0,nback
8,3,2021-09-02 13:15:43.500000+00:00,17.390823,17.11163,Low,0,nback
8,3,2021-09-02 13:15:58.500000+00:00,17.453253,17.214117,Low,0,nback
8,3,2021-09-02 13:16:13.500000+00:00,26.963089,20.13881,Low,0,nback
8,3,2021-09-02 13:16:28.500000+00:00,27.244932,22.270645,Low,0,nback
8,3,2021-09-02 13:16:43.500000+00:00,27.791502,23.926903,Low,0,nback
8,3,2021-09-02 13:16:58.500000+00:00,27.80407,25.090052,Low,0,nback
8,3,2021-09-02 13:17:13.500000+00:00,27.390427,25.780165,Low,0,nback
8,3,2021-09-02 13:17:28.500000+00:00,27.403214,26.26708,Low,0,nback
8,3,2021-09-02 13:17:43.500000+00:00,27.832912,26.73683,Low,0,nback
8,3,2021-09-02 13:17:58.500000+00:00,27.297834,26.905132,Low,0,nback
8,3,2021-09-02 13:18:13.500000+00:00,27.461151,27.071938,Low,0,nback
8,3,2021-09-02 13:18:28.500000+00:00,27.677616,27.253641,Low,0,nback
8,3,2021-09-02 13:18:43.500000+00:00,27.595587,27.356224,Low,0,nback
8,3,2021-09-02 13:18:58.500000+00:00,27.245056,27.322874,Low,0,nback
8,3,2021-09-02 13:19:13.500000+00:00,27.483109,27.370945,Low,0,nback
8,3,2021-09-02 13:19:28.500000+00:00,27.418663,27.38526,Low,0,crt
8,3,2021-09-02 13:19:43.500000+00:00,27.681473,27.474125,Low,0,crt
8,3,2021-09-02 13:19:58.500000+00:00,27.167608,27.382172,Low,0,crt
8,3,2021-09-02 13:20:13.500000+00:00,27.76056,27.49569,Low,0,crt
8,3,2021-09-02 13:20:28.500000+00:00,27.639795,27.538921,Low,0,nback
8,3,2021-09-02 13:20:43.500000+00:00,27.63296,27.567133,Low,0,nback
8,3,2021-09-02 13:20:58.500000+00:00,27.506927,27.549072,Low,0,nback
8,3,2021-09-02 13:21:13.500000+00:00,28.304506,27.775702,Low,0,nback
8,3,2021-09-02 13:21:28.500000+00:00,27.993788,27.84113,Low,0,nback
8,3,2021-09-02 13:21:43.500000+00:00,27.826319,27.836685,Low,0,nback
8,3,2021-09-02 13:21:58.500000+00:00,26.95827,27.573162,Low,0,nback
8,3,2021-09-02 13:22:13.500000+00:00,27.775267,27.633793,Low,0,nback
8,3,2021-09-02 13:22:28.500000+00:00,27.384699,27.559065,Low,0,nback
8,3,2021-09-02 13:22:43.500000+00:00,28.039764,27.703276,Low,0,nback
8,3,2021-09-02 13:22:58.500000+00:00,27.746878,27.716354,Low,0,nback
8,3,2021-09-02 13:23:13.500000+00:00,27.982008,27.796051,Low,0,nback
8,3,2021-09-02 13:23:28.500000+00:00,27.707119,27.769371,Low,0,nback
8,3,2021-09-02 13:23:43.500000+00:00,34.47838,29.782072,Low,0,nback
8,3,2021-09-02 13:23:58.500000+00:00,35.007526,31.349709,Low,0,nback
8,3,2021-09-02 13:24:13.500000+00:00,35.069923,32.465775,Low,0,nback
8,3,2021-09-02 13:24:28.500000+00:00,34.856155,33.182888,Medium,0,nback
8,3,2021-09-02 13:24:43.500000+00:00,35.23477,33.798454,Medium,0,nback
8,3,2021-09-02 13:24:58.500000+00:00,35.103725,34.190037,Medium,0,nback
8,3,2021-09-02 13:25:13.500000+00:00,35.10808,34.46545,Medium,0,nback
8,3,2021-09-02 13:25:28.500000+00:00,35.07841,34.649338,Medium,0,nback
8,3,2021-09-02 13:25:43.500000+00:00,34.800095,34.694565,Medium,0,nback
8,3,2021-09-02 13:25:58.500000+00:00,35.295578,34.87487,Medium,0,nback
8,3,2021-09-02 13:26:13.500000+00:00,35.722404,35.12913,Medium,0,nback
8,3,2021-09-02 13:26:28.500000+00:00,34.92119,35.06675,Medium,0,nback
8,3,2021-09-02 13:26:43.500000+00:00,35.156303,35.093616,Medium,0,nback
8,3,2021-09-02 13:26:58.500000+00:00,35.27798,35.148926,Medium,0,nback
8,3,2021-09-02 13:27:13.500000+00:00,35.282116,35.18888,Medium,0,nback
8,3,2021-09-02 13:27:28.500000+00:00,35.6315,35.321667,Medium,0,nback
8,3,2021-09-02 13:27:43.500000+00:00,34.96395,35.21435,Medium,0,nback
8,3,2021-09-02 13:27:58.500000+00:00,35.019764,35.155975,Medium,0,nback
8,3,2021-09-02 13:28:13.500000+00:00,34.911484,35.082626,Medium,0,crt
8,3,2021-09-02 13:28:28.500000+00:00,35.25473,35.13426,Medium,0,crt
8,3,2021-09-02 13:28:43.500000+00:00,35.333405,35.194,Medium,0,crt
8,3,2021-09-02 13:28:58.500000+00:00,35.111248,35.169174,Medium,0,crt
8,3,2021-09-02 13:29:13.500000+00:00,34.89327,35.086403,Medium,0,crt
8,3,2021-09-02 13:29:28.500000+00:00,35.183228,35.11545,Medium,0,nback
8,3,2021-09-02 13:29:43.500000+00:00,35.227097,35.148945,Medium,0,nback
9,1,2021-09-03 13:13:15.500000+00:00,51.598907,40.083935,Medium,0,baseline
9,1,2021-09-03 13:13:30.500000+00:00,52.526024,43.816563,Medium,0,baseline
9,1,2021-09-03 13:13:45.500000+00:00,52.064144,46.290836,Medium,0,baseline
9,1,2021-09-03 13:14:00.500000+00:00,52.149754,48.04851,Medium,0,baseline
9,1,2021-09-03 13:14:15.500000+00:00,51.83307,49.183876,Medium,0,baseline
9,1,2021-09-03 13:14:30.500000+00:00,52.989105,50.325443,Medium,0,baseline
9,1,2021-09-03 13:14:45.500000+00:00,51.446907,50.66188,Medium,0,baseline
9,1,2021-09-03 13:15:00.500000+00:00,52.238304,51.134804,Medium,0,baseline
9,1,2021-09-03 13:15:15.500000+00:00,53.245888,51.768127,Medium,0,baseline
9,1,2021-09-03 13:15:30.500000+00:00,52.315323,51.93229,Medium,0,baseline
9,1,2021-09-03 13:15:45.500000+00:00,52.51288,52.106464,Medium,0,baseline
9,1,2021-09-03 13:16:00.500000+00:00,51.993805,52.072666,Medium,0,baseline
9,1,2021-09-03 13:16:15.500000+00:00,52.086143,52.07671,Medium,0,baseline
9,1,2021-09-03 13:16:30.500000+00:00,51.549778,51.918633,Medium,0,baseline
9,1,2021-09-03 13:16:45.500000+00:00,50.921906,51.619614,Medium,0,baseline
9,1,2021-09-03 13:17:00.500000+00:00,52.189682,51.790634,Medium,0,baseline
9,1,2021-09-03 13:17:15.500000+00:00,52.124,51.890644,Medium,0,baseline
9,1,2021-09-03 13:17:30.500000+00:00,51.953194,51.90941,Medium,0,crt
9,1,2021-09-03 13:17:45.500000+00:00,51.748142,51.86103,Medium,0,crt
9,1,2021-09-03 13:18:00.500000+00:00,52.090816,51.929966,Medium,0,crt
9,1,2021-09-03 13:18:15.500000+00:00,51.959496,51.938824,Medium,0,crt
9,1,2021-09-03 13:18:30.500000+00:00,51.915813,51.931923,Medium,0,crt
9,1,2021-09-03 13:18:45.500000+00:00,51.386715,51.76836,Medium,0,crt
9,1,2021-09-03 13:19:00.500000+00:00,52.067493,51.8581,Medium,0,crt
9,1,2021-09-03 13:19:15.500000+00:00,51.588543,51.777233,Medium,0,crt
9,1,2021-09-03 13:19:30.500000+00:00,52.33752,51.94532,Medium,0,crt
9,1,2021-09-03 13:19:45.500000+00:00,52.086338,51.987625,Medium,0,crt
9,1,2021-09-03 13:20:00.500000+00:00,52.008213,51.993805,Medium,0,nback
9,1,2021-09-03 13:20:15.500000+00:00,52.123337,52.032665,Medium,0,nback
9,1,2021-09-03 13:20:30.500000+00:00,52.00994,52.02585,Medium,0,nback
9,1,2021-09-03 13:20:45.500000+00:00,51.963806,52.007236,Medium,0,nback
9,1,2021-09-03 13:21:00.500000+00:00,51.94803,51.98947,Medium,0,nback
9,1,2021-09-03 13:21:15.500000+00:00,52.30394,52.08381,Medium,0,nback
9,1,2021-09-03 13:21:30.500000+00:00,52.060375,52.07678,Medium,0,nback
9,1,2021-09-03 13:21:45.500000+00:00,57.380108,53.667778,Medium,0,nback
9,1,2021-09-03 13:22:00.500000+00:00,56.94324,54.650417,Medium,0,nback
9,1,2021-09-03 13:22:15.500000+00:00,56.968822,55.34594,Medium,0,nback
9,1,2021-09-03 13:22:30.500000+00:00,56.87422,55.804424,Medium,0,nback
9,1,2021-09-03 13:22:45.500000+00:00,57.22011,56.22913,Medium,0,nback
9,1,2021-09-03 13:23:00.500000+00:00,56.88164,56.42488,Medium,0,nback
9,1,2021-09-03 13:23:15.500000+00:00,57.08138,56.621834,Medium,0,nback
9,1,2021-09-03 13:23:30.500000+00:00,56.87214,56.696926,Medium,0,nback
9,1,2021-09-03 13:23:45.500000+00:00,57.061386,56.806263,Medium,0,nback
9,1,2021-09-03 13:24:00.500000+00:00,56.59477,56.742817,Medium,0,nback
9,1,2021-09-03 13:24:15.500000+00:00,56.897736,56.78929,Medium,0,nback
9,1,2021-09-03 13:24:30.500000+00:00,57.271713,56.934017,Medium,0,nback
9,1,2021-09-03 13:24:45.500000+00:00,56.63112,56.843147,Medium,0,nback
9,1,2021-09-03 13:25:00.500000+00:00,56.857815,56.84755,Medium,0,nback
9,1,2021-09-03 13:25:15.500000+00:00,57.122093,56.929916,Medium,0,nback
9,1,2021-09-03 13:25:30.500000+00:00,57.06536,56.97055,Medium,0,nback
9,1,2021-09-03 13:25:45.500000+00:00,57.183353,57.03439,Medium,0,nback
9,1,2021-09-03 13:26:00.500000+00:00,56.865788,56.98381,Medium,0,nback
9,1,2021-09-03 13:26:15.500000+00:00,57.06205,57.007286,Medium,0,nback
9,1,2021-09-03 13:26:30.500000+00:00,57.258625,57.082687,Medium,0,nback
9,1,2021-09-03 13:26:45.500000+00:00,56.606155,56.939728,Medium,0,crt
9,1,2021-09-03 13:27:00.500000+00:00,56.83476,56.908234,Medium,0,crt
9,1,2021-09-03 13:27:15.500000+00:00,57.161076,56.984085,Medium,0,crt
9,1,2021-09-03 13:27:30.500000+00:00,56.89661,56.95784,Medium,0,crt
9,1,2021-09-03 13:27:45.500000+00:00,56.838764,56.92212,Medium,0,crt
9,1,2021-09-03 13:28:00.500000+00:00,57.024487,56.952827,Medium,0,crt
9,1,2021-09-03 13:28:15.500000+00:00,57.027927,56.975357,Medium,0,nback
9,1,2021-09-03 13:28:30.500000+00:00,56.891296,56.950138,Medium,0,nback
9,1,2021-09-03 13:28:45.500000+00:00,57.376568,57.078068,Medium,0,nback
9,1,2021-09-03 13:29:00.500000+00:00,57.158035,57.10206,Medium,0,nback
9,1,2021-09-03 13:29:15.500000+00:00,57.042736,57.08426,Medium,0,nback
9,1,2021-09-03 13:29:30.500000+00:00,57.33025,57.15806,Medium,0,nback
9,1,2021-09-03 13:29:45.500000+00:00,57.45886,57.2483,Medium,0,nback
9,1,2021-09-03 13:30:00.500000+00:00,56.919983,57.149803,Medium,0,nback
9,1,2021-09-03 13:30:15.500000+00:00,57.08128,57.129242,Medium,0,nback
9,1,2021-09-03 13:30:30.500000+00:00,56.86196,57.049057,Medium,0,nback
9,1,2021-09-03 13:30:45.500000+00:00,57.368076,57.14476,Medium,0,nback
9,1,2021-09-03 13:31:00.500000+00:00,56.89932,57.07113,Medium,0,nback
9,1,2021-09-03 13:31:15.500000+00:00,58.123493,57.38684,Medium,0,nback
9,1,2021-09-03 13:31:30.500000+00:00,71.06968,61.49169,Medium,0,nback
9,1,2021-09-03 13:31:45.500000+00:00,71.35881,64.45183,Medium,0,nback
9,1,2021-09-03 13:32:00.500000+00:00,71.10358,66.44736,High,0,nback
9,1,2021-09-03 13:32:15.500000+00:00,71.58505,67.98866,High,0,nback
9,1,2021-09-03 13:32:30.500000+00:00,71.04236,68.90477,High,1,nback
9,1,2021-09-03 13:32:45.500000+00:00,71.51221,69.687,High,1,nback
9,1,2021-09-03 13:33:00.500000+00:00,71.067894,70.101265,High,1,nback
9,1,2021-09-03 13:33:15.500000+00:00,71.28119,70.455246,High,1,nback
9,1,2021-09-03 13:33:30.500000+00:00,71.23096,70.68796,High,1,nback
9,1,2021-09-03 13:33:45.500000+00:00,71.271866,70.86313,High,1,nback
9,1,2021-09-03 13:34:00.500000+00:00,71.53778,71.06552,High,1,nback
9,1,2021-09-03 13:34:15.500000+00:00,71.04881,71.06051,High,1,nback
9,1,2021-09-03 13:34:30.500000+00:00,71.63129,71.23174,High,1,nback
9,1,2021-09-03 13:34:45.500000+00:00,71.221855,71.228775,High,1,nback
9,1,2021-09-03 13:35:00.500000+00:00,71.53572,71.32086,High,1,nback
9,1,2021-09-03 13:35:15.500000+00:00,71.346985,71.3287,High,1,nback
9,1,2021-09-03 13:35:30.500000+00:00,71.62709,71.41821,High,1,nback
9,1,2021-09-03 13:35:45.500000+00:00,70.653305,71.188736,High,1,nback
9,1,2021-09-03 13:36:00.500000+00:00,71.66279,71.33095,High,1,nback
9,1,2021-09-03 13:36:15.500000+00:00,71.55186,71.39722,High,1,nback
9,1,2021-09-03 13:36:30.500000+00:00,71.235344,71.348656,High,1,nback
9,1,2021-09-03 13:36:45.500000+00:00,71.09126,71.27144,High,1,crt
9,1,2021-09-03 13:37:00.500000+00:00,71.452576,71.32578,High,1,crt
9,1,2021-09-03 13:37:15.500000+00:00,71.1232,71.26501,High,1,crt
9,1,2021-09-03 13:37:30.500000+00:00,71.14919,71.23026,High,1,crt
9,1,2021-09-03 13:37:45.500000+00:00,71.35748,71.26843,High,1,crt
9,1,2021-09-03 13:38:00.500000+00:00,71.40752,71.31016,High,1,crt
9,1,2021-09-03 13:38:15.500000+00:00,71.1085,71.249664,High,1,nback
9,1,2021-09-03 13:38:30.500000+00:00,71.32732,71.27296,High,1,nback
9,1,2021-09-03 13:38:45.500000+00:00,71.17676,71.244095,High,1,nback
9,2,2021-09-06 13:24:09.500000+00:00,22.175411,56.523487,Medium,0,baseline
9,2,2021-09-06 13:24:24.500000+00:00,34.412766,49.89027,Medium,0,baseline
9,2,2021-09-06 13:24:39.500000+00:00,36.346985,45.827282,Medium,0,baseline
9,2,2021-09-06 13:24:54.500000+00:00,30.758217,41.306564,Medium,0,baseline
9,2,2021-09-06 13:25:09.500000+00:00,28.18258,37.36937,Medium,0,baseline
9,2,2021-09-06 13:25:24.500000+00:00,20.63404,32.34877,Low,0,baseline
9,2,2021-09-06 13:25:39.500000+00:00,16.164135,27.49338,Low,0,baseline
9,2,2021-09-06 13:25:54.500000+00:00,19.07287,24.967226,Low,0,baseline
9,2,2021-09-06 13:26:09.500000+00:00,15.516045,22.131872,Low,0,baseline
9,2,2021-09-06 13:26:24.500000+00:00,19.84897,21.447002,Low,0,baseline
9,2,2021-09-06 13:26:39.500000+00:00,18.56872,20.583517,Low,0,baseline
9,2,2021-09-06 13:26:54.500000+00:00,17.042307,19.521154,Low,0,baseline
9,2,2021-09-06 13:27:09.500000+00:00,14.980049,18.158823,Low,0,baseline
9,2,2021-09-06 13:27:24.500000+00:00,14.204696,16.972584,Low,0,crt
9,2,2021-09-06 13:27:39.500000+00:00,22.19241,18.538532,Low,0,crt
9,2,2021-09-06 13:27:54.500000+00:00,20.60844,19.159504,Low,0,crt
9,2,2021-09-06 13:28:09.500000+00:00,14.788752,17.848278,Low,0,crt
9,2,2021-09-06 13:28:24.500000+00:00,31.830353,22.0429,Low,0,crt
9,2,2021-09-06 13:28:39.500000+00:00,9.718333,18.34553,Low,0,crt
9,2,2021-09-06 13:28:54.500000+00:00,8.693766,15.45,Low,0,crt
9,2,2021-09-06 13:29:09.500000+00:00,9.27133,13.596398,Low,0,nback
9,2,2021-09-06 13:29:24.500000+00:00,9.712826,12.431327,Low,0,nback
9,2,2021-09-06 13:29:39.500000+00:00,10.06622,11.721795,Low,0,nback
9,2,2021-09-06 13:29:54.500000+00:00,9.64867,11.099857,Low,0,nback
9,2,2021-09-06 13:30:09.500000+00:00,10.053873,10.786062,Low,0,nback
9,2,2021-09-06 13:30:24.500000+00:00,7.8882217,9.91671,Low,0,nback
9,2,2021-09-06 13:30:39.500000+00:00,7.5711503,9.213041,Low,0,nback
9,2,2021-09-06 13:30:54.500000+00:00,9.92348,9.426172,Low,0,nback
9,2,2021-09-06 13:31:09.500000+00:00,16.451038,11.533632,Low,0,nback
9,2,2021-09-06 13:31:24.500000+00:00,21.344784,14.476978,Low,0,nback
9,2,2021-09-06 13:31:39.500000+00:00,30.259367,19.211695,Low,0,nback
9,2,2021-09-06 13:31:54.500000+00:00,32.985886,23.343952,Low,0,nback
9,2,2021-09-06 13:32:09.500000+00:00,22.84897,23.195457,Low,0,nback
9,2,2021-09-06 13:32:24.500000+00:00,26.543766,24.199951,Low,0,nback
9,2,2021-09-06 13:32:39.500000+00:00,35.90016,27.710014,Low,0,nback
9,2,2021-09-06 13:32:54.500000+00:00,37.65899,30.694706,Low,0,nback
9,2,2021-09-06 13:33:09.500000+00:00,38.063248,32.90527,Low,0,nback
9,2,2021-09-06 13:33:24.500000+00:00,28.869068,31.694408,Low,0,nback
9,2,2021-09-06 13:33:39.500000+00:00,31.365643,31.595778,Low,0,nback
9,2,2021-09-06 13:33:54.500000+00:00,47.968826,36.507694,Medium,0,nback
9,2,2021-09-06 13:34:09.500000+00:00,54.452084,41.891014,Medium,0,nback
9,2,2021-09-06 13:34:24.500000+00:00,38.527756,40.882034,Medium,0,nback
9,2,2021-09-06 13:34:39.500000+00:00,56.691944,45.625008,Medium,0,nback
9,2,2021-09-06 13:34:54.500000+00:00,34.281693,42.222015,Medium,0,nback
9,2,2021-09-06 13:35:09.500000+00:00,36.360493,40.46356,Medium,0,crt
9,2,2021-09-06 13:35:24.500000+00:00,38.06699,39.744587,Medium,0,crt
9,2,2021-09-06 13:35:39.500000+00:00,38.26328,39.300194,Medium,0,crt
9,2,2021-09-06 13:35:54.500000+00:00,44.771107,40.941467,Medium,0,crt
9,2,2021-09-06 13:36:09.500000+00:00,47.95314,43.044968,Medium,0,crt
9,2,2021-09-06 13:36:24.500000+00:00,43.492207,43.17914,Medium,0,nback
9,2,2021-09-06 13:36:39.500000+00:00,38.40093,41.745674,Medium,0,nback
9,2,2021-09-06 13:36:54.500000+00:00,32.87885,39.085625,Medium,0,nback
9,2,2021-09-06 13:37:09.500000+00:00,40.912384,39.63365,Medium,0,nback
9,2,2021-09-06 13:37:24.500000+00:00,43.468113,40.78399,Medium,0,nback
9,2,2021-09-06 13:37:39.500000+00:00,25.613022,36.2327,Medium,0,nback
9,2,2021-09-06 13:37:54.500000+00:00,40.82823,37.61136,Medium,0,nback
9,2,2021-09-06 13:38:09.500000+00:00,49.082832,41.052803,Medium,0,nback
9,2,2021-09-06 13:38:24.500000+00:00,47.270947,42.918247,Medium,0,nback
9,2,2021-09-06 13:38:39.500000+00:00,53.891136,46.210114,Medium,0,nback
9,2,2021-09-06 13:38:54.500000+00:00,47.249546,46.521946,Medium,0,nback
9,2,2021-09-06 13:39:09.500000+00:00,45.934002,46.345562,Medium,0,nback
9,2,2021-09-06 13:39:24.500000+00:00,35.374676,43.0543,Medium,0,nback
9,2,2021-09-06 13:39:39.500000+00:00,42.622257,42.924686,Medium,0,nback
9,2,2021-09-06 13:39:54.500000+00:00,48.97102,44.738586,Medium,0,nback
9,2,2021-09-06 13:40:09.500000+00:00,38.55339,42.883026,Medium,0,nback
9,2,2021-09-06 13:40:24.500000+00:00,41.77474,42.55054,Medium,0,nback
9,2,2021-09-06 13:40:39.500000+00:00,42.245735,42.4591,Medium,0,nback
9,2,2021-09-06 13:40:54.500000+00:00,34.409176,40.04412,Medium,0,nback
9,3,2021-09-07 13:26:13.500000+00:00,31.094496,37.359234,Medium,0,baseline
9,3,2021-09-07 13:26:28.500000+00:00,40.22158,38.217937,Medium,0,baseline
9,3,2021-09-07 13:26:43.500000+00:00,37.075436,37.875187,Medium,0,baseline
9,3,2021-09-07 13:26:58.500000+00:00,32.36456,36.222,Medium,0,baseline
9,3,2021-09-07 13:27:13.500000+00:00,25.133017,32.895306,Low,0,baseline
9,3,2021-09-07 13:27:28.500000+00:00,25.368374,30.637226,Low,0,baseline
9,3,2021-09-07 13:27:43.500000+00:00,25.19076,29.003286,Low,0,baseline
9,3,2021-09-07 13:27:58.500000+00:00,24.816645,27.747293,Low,0,baseline
9,3,2021-09-07 13:28:13.500000+00:00,28.054743,27.839527,Low,0,baseline
9,3,2021-09-07 13:28:28.500000+00:00,24.09641,26.716593,Low,0,baseline
9,3,2021-09-07 13:28:43.500000+00:00,23.445732,25.735334,Low,0,baseline
9,3,2021-09-07 13:28:58.500000+00:00,23.538733,25.076355,Low,0,baseline
9,3,2021-09-07 13:29:13.500000+00:00,26.627987,25.541843,Low,0,baseline
9,3,2021-09-07 13:29:28.500000+00:00,24.694931,25.28777,Low,0,crt
9,3,2021-09-07 13:29:43.500000+00:00,21.610786,24.184675,Low,0,crt
9,3,2021-09-07 13:29:58.500000+00:00,24.044773,24.142704,Low,0,crt
9,3,2021-09-07 13:30:13.500000+00:00,17.941557,22.28236,Low,0,crt
9,3,2021-09-07 13:30:28.500000+00:00,16.748281,20.622135,Low,0,nback
9,3,2021-09-07 13:30:43.500000+00:00,21.861837,20.994045,Low,0,nback
9,3,2021-09-07 13:30:58.500000+00:00,19.154081,20.442055,Low,0,nback
9,3,2021-09-07 13:31:13.500000+00:00,23.903702,21.480549,Low,0,nback
9,3,2021-09-07 13:31:28.500000+00:00,15.927136,19.814526,Low,0,nback
9,3,2021-09-07 13:31:43.500000+00:00,18.942902,19.55304,Low,0,nback
9,3,2021-09-07 13:31:58.500000+00:00,21.37594,20.099909,Low,0,nback
9,3,2021-09-07 13:32:13.500000+00:00,13.543044,18.132849,Low,0,nback
9,3,2021-09-07 13:32:28.500000+00:00,15.3345375,17.293356,Low,0,nback
9,3,2021-09-07 13:32:43.500000+00:00,20.775806,18.33809,Low,0,nback
9,3,2021-09-07 13:32:58.500000+00:00,21.510103,19.289694,Low,0,nback
9,3,2021-09-07 13:33:13.500000+00:00,23.159399,20.450605,Low,0,nback
9,3,2021-09-07 13:33:28.500000+00:00,14.939949,18.79741,Low,0,nback
9,3,2021-09-07 13:33:43.500000+00:00,22.20119,19.818542,Low,0,nback
9,3,2021-09-07 13:33:58.500000+00:00,24.094442,21.101313,Low,0,nback
9,3,2021-09-07 13:34:13.500000+00:00,25.276766,22.353949,Low,0,nback
9,3,2021-09-07 13:34:28.500000+00:00,22.197603,22.307045,Low,0,nback
9,3,2021-09-07 13:34:43.500000+00:00,35.868923,26.375608,Low,0,nback
9,3,2021-09-07 13:34:58.500000+00:00,32.29081,28.15017,Low,0,nback
9,3,2021-09-07 13:35:13.500000+00:00,33.097534,29.634378,Low,0,nback
9,3,2021-09-07 13:35:28.500000+00:00,27.529146,29.002808,Low,0,nback
9,3,2021-09-07 13:35:43.500000+00:00,33.71279,30.415804,Low,0,nback
9,3,2021-09-07 13:35:58.500000+00:00,34.553024,31.656971,Low,0,nback
9,3,2021-09-07 13:36:13.500000+00:00,30.584152,31.335125,Low,0,crt
9,3,2021-09-07 13:36:28.500000+00:00,29.629175,30.823341,Low,0,crt
9,3,2021-09-07 13:36:43.500000+00:00,32.02982,31.185284,Low,0,crt
9,3,2021-09-07 13:36:58.500000+00:00,31.682846,31.334553,Low,0,crt
9,3,2021-09-07 13:37:13.500000+00:00,45.167862,35.484547,Medium,0,crt
9,3,2021-09-07 13:37:28.500000+00:00,40.81143,37.08261,Medium,0,nback
9,3,2021-09-07 13:37:43.500000+00:00,38.005867,37.35959,Medium,0,nback
9,3,2021-09-07 13:37:58.500000+00:00,39.658016,38.049118,Medium,0,nback
9,3,2021-09-07 13:38:13.500000+00:00,51.49874,42.084007,Medium,0,nback
9,3,2021-09-07 13:38:28.500000+00:00,26.297293,37.347992,Medium,0,nback
9,3,2021-09-07 13:38:43.500000+00:00,20.035414,32.15422,Low,0,nback
9,3,2021-09-07 13:38:58.500000+00:00,32.832752,32.35778,Low,0,nback
9,3,2021-09-07 13:39:13.500000+00:00,45.288456,36.236984,Medium,0,nback
9,3,2021-09-07 13:39:28.500000+00:00,39.806618,37.307877,Medium,0,nback
9,3,2021-09-07 13:39:43.500000+00:00,39.343628,37.918602,Medium,0,nback
9,3,2021-09-07 13:39:58.500000+00:00,46.271866,40.42458,Medium,0,nback
9,3,2021-09-07 13:40:13.500000+00:00,35.2105,38.860355,Medium,0,nback
9,3,2021-09-07 13:40:28.500000+00:00,30.706217,36.414112,Medium,0,nback
9,3,2021-09-07 13:40:43.500000+00:00,50.905457,40.761517,Medium,0,nback
9,3,2021-09-07 13:40:58.500000+00:00,43.147274,41.477245,Medium,0,nback
9,3,2021-09-07 13:41:13.500000+00:00,23.503979,36.085266,Medium,0,nback
9,3,2021-09-07 13:41:28.500000+00:00,35.504883,35.91115,Medium,0,nback
9,3,2021-09-07 13:41:43.500000+00:00,45.821613,38.884293,Medium,0,nback
9,3,2021-09-07 13:41:58.500000+00:00,42.236332,39.889904,Medium,0,nback
9,3,2021-09-07 13:42:13.500000+00:00,29.183517,36.677986,Medium,0,nback
9,3,2021-09-07 13:42:28.500000+00:00,30.799229,34.91436,Medium,0,nback
9,3,2021-09-07 13:42:43.500000+00:00,29.455933,33.276833,Medium,0,nback
9,3,2021-09-07 13:42:58.500000+00:00,28.36771,31.804096,Low,0,nback
9,3,2021-09-07 13:43:13.500000+00:00,28.702164,30.873516,Low,0,crt
9,3,2021-09-07 13:43:28.500000+00:00,38.587776,33.187794,Medium,0,crt
9,3,2021-09-07 13:43:43.500000+00:00,32.689796,33.038395,Medium,0,crt
9,3,2021-09-07 13:43:58.500000+00:00,27.805403,31.468498,Low,0,crt
9,3,2021-09-07 13:44:13.500000+00:00,29.56067,30.896149,Low,0,nback
9,3,2021-09-07 13:44:28.500000+00:00,25.981304,29.421696,Low,0,nback
9,3,2021-09-07 13:44:43.500000+00:00,24.049763,27.810116,Low,0,nback
10,1,2021-09-03 14:23:01.500000+00:00,32.019264,29.07286,Low,0,baseline
10,1,2021-09-03 14:23:16.500000+00:00,20.983974,26.646194,Low,0,baseline
10,1,2021-09-03 14:23:31.500000+00:00,25.057352,26.169542,Low,0,baseline
10,1,2021-09-03 14:23:46.500000+00:00,28.956537,27.005642,Low,0,baseline
10,1,2021-09-03 14:24:01.500000+00:00,32.382294,28.618637,Low,0,baseline
10,1,2021-09-03 14:24:16.500000+00:00,36.002987,30.833942,Low,0,baseline
10,1,2021-09-03 14:24:31.500000+00:00,32.905567,31.45543,Low,0,baseline
10,1,2021-09-03 14:24:46.500000+00:00,34.557713,32.386116,Low,0,baseline
10,1,2021-09-03 14:25:01.500000+00:00,31.270134,32.051323,Low,0,baseline
10,1,2021-09-03 14:25:16.500000+00:00,28.93893,31.117607,Low,0,baseline
10,1,2021-09-03 14:25:31.500000+00:00,25.372389,29.394041,Low,0,baseline
10,1,2021-09-03 14:25:46.500000+00:00,20.506239,26.727701,Low,0,baseline
10,1,2021-09-03 14:26:01.500000+00:00,26.167488,26.559637,Low,0,baseline
10,1,2021-09-03 14:26:16.500000+00:00,19.105986,24.323542,Low,0,baseline
10,1,2021-09-03 14:26:31.500000+00:00,26.454994,24.962978,Low,0,baseline
10,1,2021-09-03 14:26:46.500000+00:00,15.494433,22.122416,Low,0,baseline
10,1,2021-09-03 14:27:01.500000+00:00,25.365025,23.0952,Low,0,baseline
10,1,2021-09-03 14:27:16.500000+00:00,10.347816,19.270985,Low,0,crt
10,1,2021-09-03 14:27:31.500000+00:00,22.542542,20.25245,Low,0,crt
10,1,2021-09-03 14:27:46.500000+00:00,23.352768,21.182547,Low,0,crt
10,1,2021-09-03 14:28:01.500000+00:00,33.980225,25.02185,Low,0,crt
10,1,2021-09-03 14:28:16.500000+00:00,37.502888,28.766163,Low,0,crt
10,1,2021-09-03 14:28:31.500000+00:00,38.943424,31.819342,Low,0,crt
10,1,2021-09-03 14:28:46.500000+00:00,40.660244,34.47161,Medium,0,crt
10,1,2021-09-03 14:29:01.500000+00:00,43.66934,37.23093,Medium,0,nback
10,1,2021-09-03 14:29:16.500000+00:00,35.81297,36.805542,Medium,0,nback
10,1,2021-09-03 14:29:31.500000+00:00,43.729378,38.882694,Medium,0,nback
10,1,2021-09-03 14:29:46.500000+00:00,36.17763,38.071175,Medium,0,nback
10,1,2021-09-03 14:30:01.500000+00:00,29.465258,35.4894,Medium,0,nback
10,1,2021-09-03 14:30:16.500000+00:00,30.392614,33.960365,Medium,0,nback
10,1,2021-09-03 14:30:31.500000+00:00,39.312977,35.566147,Medium,0,nback
10,1,2021-09-03 14:30:46.500000+00:00,41.33514,37.296844,Medium,0,nback
10,1,2021-09-03 14:31:01.500000+00:00,38.639492,37.69964,Medium,0,nback
10,1,2021-09-03 14:31:16.500000+00:00,25.849962,34.144733,Medium,0,nback
10,1,2021-09-03 14:31:31.500000+00:00,26.62365,31.888409,Low,0,nback
10,1,2021-09-03 14:31:46.500000+00:00,25.865412,30.08151,Low,0,nback
10,1,2021-09-03 14:32:01.500000+00:00,31.756514,30.584011,Low,0,nback
10,1,2021-09-03 14:32:16.500000+00:00,32.332134,31.108448,Low,0,nback
10,1,2021-09-03 14:32:31.500000+00:00,27.639233,30.067684,Low,0,nback
10,1,2021-09-03 14:32:46.500000+00:00,28.22376,29.514507,Low,0,nback
10,1,2021-09-03 14:33:01.500000+00:00,25.6562,28.357014,Low,0,nback
10,1,2021-09-03 14:33:16.500000+00:00,27.12937,27.98872,Low,0,nback
10,1,2021-09-03 14:33:31.500000+00:00,30.508099,28.744534,Low,0,nback
10,1,2021-09-03 14:33:46.500000+00:00,28.87238,28.782888,Low,0,nback
10,1,2021-09-03 14:34:01.500000+00:00,32.540646,29.910215,Low,0,nback
10,1,2021-09-03 14:34:16.500000+00:00,26.532822,28.896997,Low,0,nback
10,1,2021-09-03 14:34:31.500000+00:00,34.13149,30.467344,Low,0,nback
10,1,2021-09-03 14:34:46.500000+00:00,25.393236,28.945112,Low,0,nback
10,1,2021-09-03 14:35:01.500000+00:00,35.285263,30.847157,Low,0,crt
10,1,2021-09-03 14:35:16.500000+00:00,30.475697,30.73572,Low,0,crt
10,1,2021-09-03 14:35:31.500000+00:00,28.110537,29.948166,Low,0,crt
10,1,2021-09-03 14:35:46.500000+00:00,32.287743,30.65004,Low,0,crt
10,1,2021-09-03 14:36:01.500000+00:00,32.85744,31.31226,Low,0,crt
10,1,2021-09-03 14:36:16.500000+00:00,28.838753,30.570208,Low,0,nback
10,1,2021-09-03 14:36:31.500000+00:00,31.245104,30.772676,Low,0,nback
10,1,2021-09-03 14:36:46.500000+00:00,39.50292,33.391747,Medium,0,nback
10,1,2021-09-03 14:37:01.500000+00:00,48.43245,37.903957,Medium,0,nback
10,1,2021-09-03 14:37:16.500000+00:00,35.888027,37.29918,Medium,0,nback
10,1,2021-09-03 14:37:31.500000+00:00,43.21241,39.073147,Medium,0,nback
10,1,2021-09-03 14:37:46.500000+00:00,30.06386,36.37036,Medium,0,nback
10,1,2021-09-03 14:38:01.500000+00:00,38.583717,37.03437,Medium,0,nback
10,1,2021-09-03 14:38:16.500000+00:00,31.388529,35.34062,Medium,0,nback
10,1,2021-09-03 14:38:31.500000+00:00,37.279903,35.9224,Medium,0,nback
10,1,2021-09-03 14:38:46.500000+00:00,41.328083,37.544106,Medium,0,nback
10,1,2021-09-03 14:39:01.500000+00:00,41.084976,38.60637,Medium,0,nback
10,1,2021-09-03 14:39:16.500000+00:00,39.072643,38.74625,Medium,0,nback
10,1,2021-09-03 14:39:31.500000+00:00,39.847546,39.076637,Medium,0,nback
10,1,2021-09-03 14:39:46.500000+00:00,44.637783,40.74498,Medium,0,nback
10,1,2021-09-03 14:40:01.500000+00:00,39.653988,40.417683,Medium,0,nback
10,1,2021-09-03 14:40:16.500000+00:00,44.790253,41.729454,Medium,0,nback
10,1,2021-09-03 14:40:31.500000+00:00,35.320877,39.80688,Medium,0,nback
10,1,2021-09-03 14:40:46.500000+00:00,39.998764,39.86445,Medium,0,nback
10,1,2021-09-03 14:41:01.500000+00:00,38.576515,39.47807,Medium,0,nback
10,1,2021-09-03 14:41:16.500000+00:00,38.90795,39.307034,Medium,0,nback
10,1,2021-09-03 14:41:31.500000+00:00,32.72105,37.331238,Medium,0,nback
10,1,2021-09-03 14:41:46.500000+00:00,36.63111,37.1212,Medium,0,nback
10,1,2021-09-03 14:42:01.500000+00:00,17.669638,31.285732,Low,0,nback
10,1,2021-09-03 14:42:16.500000+00:00,19.751776,27.825546,Low,0,nback
10,1,2021-09-03 14:42:31.500000+00:00,42.41527,32.202465,Low,0,nback
10,1,2021-09-03 14:42:46.500000+00:00,37.280106,33.725758,Medium,0,nback
10,1,2021-09-03 14:43:01.500000+00:00,41.543095,36.07096,Medium,0,nback
10,1,2021-09-03 14:43:16.500000+00:00,41.485245,37.695244,Medium,0,nback
10,1,2021-09-03 14:43:31.500000+00:00,32.46909,36.1274,Medium,0,nback
10,1,2021-09-03 14:43:46.500000+00:00,36.526596,36.247158,Medium,0,nback
10,1,2021-09-03 14:44:01.500000+00:00,36.54671,36.337025,Medium,0,nback
10,1,2021-09-03 14:44:16.500000+00:00,30.721125,34.652256,Medium,0,nback
10,1,2021-09-03 14:44:31.500000+00:00,40.50749,36.408825,Medium,0,nback
10,1,2021-09-03 14:44:46.500000+00:00,31.136614,34.827164,Medium,0,nback
10,1,2021-09-03 14:45:01.500000+00:00,26.073954,32.201202,Low,0,nback
10,1,2021-09-03 14:45:16.500000+00:00,41.055912,34.857616,Medium,0,nback
10,1,2021-09-03 14:45:31.500000+00:00,42.995533,37.298992,Medium,0,nback
10,1,2021-09-03 14:45:46.500000+00:00,46.81204,40.15291,Medium,0,nback
10,1,2021-09-03 14:46:01.500000+00:00,46.09227,41.934715,Medium,0,nback
10,1,2021-09-03 14:46:16.500000+00:00,27.223606,37.52138,Medium,0,nback
10,1,2021-09-03 14:46:31.500000+00:00,35.02151,36.77142,Medium,0,nback
10,1,2021-09-03 14:46:46.500000+00:00,46.472305,39.681686,Medium,0,nback
10,1,2021-09-03 14:47:01.500000+00:00,39.445293,39.610767,Medium,0,nback
10,1,2021-09-03 14:47:16.500000+00:00,37.437313,38.958733,Medium,0,nback
10,1,2021-09-03 14:47:31.500000+00:00,41.903435,39.842144,Medium,0,nback
10,1,2021-09-03 14:47:46.500000+00:00,43.180923,40.843777,Medium,0,nback
10,1,2021-09-03 14:48:01.500000+00:00,40.74895,40.81533,Medium,0,crt
10,1,2021-09-03 14:48:16.500000+00:00,31.147402,37.91495,Medium,0,crt
10,1,2021-09-03 14:48:31.500000+00:00,36.980083,37.63449,Medium,0,crt
10,1,2021-09-03 14:48:46.500000+00:00,30.79133,35.581543,Medium,0,crt
10,1,2021-09-03 14:49:01.500000+00:00,22.077332,31.53028,Low,0,crt
10,1,2021-09-03 14:49:16.500000+00:00,32.3615,31.779646,Low,0,nback
10,1,2021-09-03 14:49:31.500000+00:00,35.466652,32.88575,Low,0,nback
10,1,2021-09-03 14:49:46.500000+00:00,32.91132,32.89342,Low,0,nback
10,2,2021-09-06 14:10:34.500000+00:00,17.215975,28.190187,Low,0,baseline
10,2,2021-09-06 14:10:49.500000+00:00,17.290527,24.92029,Low,0,baseline
10,2,2021-09-06 14:11:04.500000+00:00,18.504866,22.995663,Low,0,baseline
10,2,2021-09-06 14:11:19.500000+00:00,20.112812,22.130808,Low,0,baseline
10,2,2021-09-06 14:11:34.500000+00:00,16.470068,20.432587,Low,0,baseline
10,2,2021-09-06 14:11:49.500000+00:00,15.141755,18.845337,Low,0,baseline
10,2,2021-09-06 14:12:04.500000+00:00,21.204454,19.553072,Low,0,baseline
10,2,2021-09-06 14:12:19.500000+00:00,16.526127,18.644989,Low,0,baseline
10,2,2021-09-06 14:12:34.500000+00:00,19.309383,18.844307,Low,0,baseline
10,2,2021-09-06 14:12:49.500000+00:00,17.09294,18.318897,Low,0,baseline
10,2,2021-09-06 14:13:04.500000+00:00,21.907888,19.395596,Low,0,baseline
10,2,2021-09-06 14:13:19.500000+00:00,17.974173,18.96917,Low,0,baseline
10,2,2021-09-06 14:13:34.500000+00:00,22.698223,20.087887,Low,0,baseline
10,2,2021-09-06 14:13:49.500000+00:00,23.577938,21.134903,Low,0,baseline
10,2,2021-09-06 14:14:04.500000+00:00,37.916332,26.16933,Low,0,crt
10,2,2021-09-06 14:14:19.500000+00:00,36.33835,29.220036,Low,0,crt
10,2,2021-09-06 14:14:34.500000+00:00,32.591885,30.23159,Low,0,crt
10,2,2021-09-06 14:14:49.500000+00:00,32.756065,30.988934,Low,0,crt
10,2,2021-09-06 14:15:04.500000+00:00,40.075348,33.71486,Medium,0,crt
10,2,2021-09-06 14:15:19.500000+00:00,43.6977,36.709713,Medium,0,crt
10,2,2021-09-06 14:15:34.500000+00:00,47.069336,39.8176,Medium,0,crt
10,2,2021-09-06 14:15:49.500000+00:00,34.095833,38.10107,Medium,0,nback
10,2,2021-09-06 14:16:04.500000+00:00,27.203135,34.83169,Medium,0,nback
10,2,2021-09-06 14:16:19.500000+00:00,30.087791,33.40852,Medium,0,nback
10,2,2021-09-06 14:16:34.500000+00:00,32.304497,33.077312,Medium,0,nback
10,2,2021-09-06 14:16:49.500000+00:00,30.65851,32.35167,Low,0,nback
10,2,2021-09-06 14:17:04.500000+00:00,23.734966,29.766659,Low,0,nback
10,2,2021-09-06 14:17:19.500000+00:00,46.10788,34.669025,Medium,0,nback
10,2,2021-09-06 14:17:34.500000+00:00,33.01066,34.171516,Medium,0,nback
10,2,2021-09-06 14:17:49.500000+00:00,25.324263,31.51734,Low,0,nback
10,2,2021-09-06 14:18:04.500000+00:00,27.312082,30.255764,Low,0,nback
10,2,2021-09-06 14:18:19.500000+00:00,36.38857,32.095604,Low,0,nback
10,2,2021-09-06 14:18:34.500000+00:00,25.181505,30.021374,Low,0,nback
10,2,2021-09-06 14:18:49.500000+00:00,27.625694,29.30267,Low,0,nback
10,2,2021-09-06 14:19:04.500000+00:00,33.9775,30.705118,Low,0,nback
10,2,2021-09-06 14:19:19.500000+00:00,42.761673,34.322083,Medium,0,nback
10,2,2021-09-06 14:19:34.500000+00:00,26.201015,31.885761,Low,0,nback
10,2,2021-09-06 14:19:49.500000+00:00,24.352718,29.625847,Low,0,nback
10,2,2021-09-06 14:20:04.500000+00:00,39.27604,32.520905,Low,0,nback
10,2,2021-09-06 14:20:19.500000+00:00,37.222847,33.931488,Medium,0,nback
10,2,2021-09-06 14:20:34.500000+00:00,31.501307,33.202435,Medium,0,nback
10,2,2021-09-06 14:20:49.500000+00:00,31.500954,32.69199,Low,0,nback
10,2,2021-09-06 14:21:04.500000+00:00,19.957636,28.871683,Low,0,nback
10,2,2021-09-06 14:21:19.500000+00:00,29.373482,29.022224,Low,0,crt
10,2,2021-09-06 14:21:34.500000+00:00,27.202984,28.476452,Low,0,crt
10,2,2021-09-06 14:21:49.500000+00:00,27.412992,28.157413,Low,0,crt
10,2,2021-09-06 14:22:04.500000+00:00,21.248919,26.084866,Low,0,crt
10,2,2021-09-06 14:22:19.500000+00:00,23.539335,25.321205,Low,0,nback
10,2,2021-09-06 14:22:34.500000+00:00,16.227259,22.593021,Low,0,nback
10,2,2021-09-06 14:22:49.500000+00:00,16.389397,20.731934,Low,0,nback
10,2,2021-09-06 14:23:04.500000+00:00,27.640852,22.80461,Low,0,nback
10,2,2021-09-06 14:23:19.500000+00:00,20.557087,22.130352,Low,0,nback
10,2,2021-09-06 14:23:34.500000+00:00,30.30714,24.58339,Low,0,nback
10,2,2021-09-06 14:23:49.500000+00:00,17.731236,22.527742,Low,0,nback
10,2,2021-09-06 14:24:04.500000+00:00,19.523554,21.626486,Low,0,nback
10,2,2021-09-06 14:24:19.500000+00:00,22.909481,22.011385,Low,0,nback
10,2,2021-09-06 14:24:34.500000+00:00,16.833755,20.458096,Low,0,nback
10,2,2021-09-06 14:24:49.500000+00:00,8.915231,16.995235,Low,0,nback
10,2,2021-09-06 14:25:04.500000+00:00,9.249463,14.671503,Low,0,nback
10,2,2021-09-06 14:25:19.500000+00:00,10.064684,13.289457,Low,0,nback
10,2,2021-09-06 14:25:34.500000+00:00,9.312088,12.096247,Low,0,nback
10,2,2021-09-06 14:25:49.500000+00:00,13.255499,12.444023,Low,0,nback
10,2,2021-09-06 14:26:04.500000+00:00,12.146182,12.3546715,Low,0,nback
10,2,2021-09-06 14:26:19.500000+00:00,9.525547,11.505934,Low,0,nback
10,2,2021-09-06 14:26:34.500000+00:00,6.5380154,10.015558,Low,0,nback
10,2,2021-09-06 14:26:49.500000+00:00,10.977751,10.304216,Low,0,nback
10,2,2021-09-06 14:27:04.500000+00:00,4.1196036,8.4488325,Low,0,nback
10,2,2021-09-06 14:27:19.500000+00:00,13.238334,9.885683,Low,0,nback
10,2,2021-09-06 14:27:34.500000+00:00,20.977745,13.213303,Low,0,crt
10,2,2021-09-06 14:27:49.500000+00:00,18.186907,14.705383,Low,0,crt
10,2,2021-09-06 14:28:04.500000+00:00,23.765074,17.42329,Low,0,crt
10,2,2021-09-06 14:28:19.500000+00:00,15.923382,16.973318,Low,0,crt
10,2,2021-09-06 14:28:34.500000+00:00,16.569126,16.85206,Low,0,crt
10,2,2021-09-06 14:28:49.500000+00:00,18.029957,17.20543,Low,0,nback
10,2,2021-09-06 14:29:04.500000+00:00,29.531635,20.903292,Low,0,nback
10,2,2021-09-06 14:29:19.500000+00:00,30.557978,23.799698,Low,0,nback
10,3,2021-09-07 14:04:24.500000+00:00,13.923663,20.836887,Low,0,baseline
10,3,2021-09-07 14:04:39.500000+00:00,13.680558,18.68999,Low,0,baseline
10,3,2021-09-07 14:04:54.500000+00:00,18.423656,18.61009,Low,0,baseline
10,3,2021-09-07 14:05:09.500000+00:00,17.628853,18.31572,Low,0,baseline
10,3,2021-09-07 14:05:24.500000+00:00,26.38409,20.73623,Low,0,baseline
10,3,2021-09-07 14:05:39.500000+00:00,20.951393,20.80078,Low,0,baseline
10,3,2021-09-07 14:05:54.500000+00:00,14.663752,18.959671,Low,0,baseline
10,3,2021-09-07 14:06:09.500000+00:00,18.59029,18.848858,Low,0,baseline
10,3,2021-09-07 14:06:24.500000+00:00,12.338024,16.895607,Low,0,baseline
10,3,2021-09-07 14:06:39.500000+00:00,16.20783,16.689274,Low,0,baseline
10,3,2021-09-07 14:06:54.500000+00:00,18.181404,17.136913,Low,0,baseline
10,3,2021-09-07 14:07:09.500000+00:00,28.591545,20.573303,Low,0,baseline
10,3,2021-09-07 14:07:24.500000+00:00,20.662111,20.599945,Low,0,baseline
10,3,2021-09-07 14:07:39.500000+00:00,31.578625,23.893549,Low,0,crt
10,3,2021-09-07 14:07:54.500000+00:00,26.462172,24.664137,Low,0,crt
10,3,2021-09-07 14:08:09.500000+00:00,25.299793,24.854836,Low,0,crt
10,3,2021-09-07 14:08:24.500000+00:00,27.917158,25.773533,Low,0,crt
10,3,2021-09-07 14:08:39.500000+00:00,26.139715,25.883389,Low,0,crt
10,3,2021-09-07 14:08:54.500000+00:00,24.86461,25.577755,Low,0,nback
10,3,2021-09-07 14:09:09.500000+00:00,26.853264,25.960407,Low,0,nback
10,3,2021-09-07 14:09:24.500000+00:00,24.747932,25.596664,Low,0,nback
10,3,2021-09-07 14:09:39.500000+00:00,24.805605,25.359348,Low,0,nback
10,3,2021-09-07 14:09:54.500000+00:00,24.094923,24.98002,Low,0,nback
10,3,2021-09-07 14:10:09.500000+00:00,29.018227,26.191483,Low,0,nback
10,3,2021-09-07 14:10:24.500000+00:00,20.99779,24.633375,Low,0,nback
10,3,2021-09-07 14:10:39.500000+00:00,27.199497,25.403212,Low,0,nback
10,3,2021-09-07 14:10:54.500000+00:00,21.094704,24.110659,Low,0,nback
10,3,2021-09-07 14:11:09.500000+00:00,25.052662,24.39326,Low,0,nback
10,3,2021-09-07 14:11:24.500000+00:00,26.66443,25.074612,Low,0,nback
10,3,2021-09-07 14:11:39.500000+00:00,30.543867,26.715387,Low,0,nback
10,3,2021-09-07 14:11:54.500000+00:00,35.005604,29.202454,Low,0,nback
10,3,2021-09-07 14:12:09.500000+00:00,28.307478,28.93396,Low,0,nback
10,3,2021-09-07 14:12:24.500000+00:00,42.02401,32.860973,Low,0,nback
10,3,2021-09-07 14:12:39.500000+00:00,35.11155,33.536148,Medium,0,nback
10,3,2021-09-07 14:12:54.500000+00:00,33.032364,33.385014,Medium,0,nback
10,3,2021-09-07 14:13:09.500000+00:00,32.11841,33.00503,Medium,0,nback
10,3,2021-09-07 14:13:24.500000+00:00,31.254642,32.479916,Low,0,nback
10,3,2021-09-07 14:13:39.500000+00:00,47.46136,36.97435,Medium,0,crt
10,3,2021-09-07 14:13:54.500000+00:00,42.294033,38.570255,Medium,0,crt
10,3,2021-09-07 14:14:09.500000+00:00,46.263958,40.878365,Medium,0,crt
10,3,2021-09-07 14:14:24.500000+00:00,34.115135,38.849396,Medium,0,crt
10,3,2021-09-07 14:14:39.500000+00:00,30.163815,36.24372,Medium,0,crt
10,3,2021-09-07 14:14:54.500000+00:00,32.186264,35.02648,Medium,0,nback
10,3,2021-09-07 14:15:09.500000+00:00,27.116062,32.65336,Low,0,nback
10,3,2021-09-07 14:15:24.500000+00:00,33.986874,33.053413,Medium,0,nback
10,3,2021-09-07 14:15:39.500000+00:00,30.718449,32.352924,Low,0,nback
10,3,2021-09-07 14:15:54.500000+00:00,32.834267,32.49733,Low,0,nback
10,3,2021-09-07 14:16:09.500000+00:00,28.211058,31.211449,Low,0,nback
10,3,2021-09-07 14:16:24.500000+00:00,31.21344,31.212046,Low,0,nback
10,3,2021-09-07 14:16:39.500000+00:00,40.183895,33.903603,Medium,0,nback
10,3,2021-09-07 14:16:54.500000+00:00,56.183323,40.587517,Medium,0,nback
10,3,2021-09-07 14:17:09.500000+00:00,48.59222,42.988926,Medium,0,nback
10,3,2021-09-07 14:17:24.500000+00:00,41.083755,42.417374,Medium,0,nback
10,3,2021-09-07 14:17:39.500000+00:00,42.954876,42.578625,Medium,0,nback
10,3,2021-09-07 14:17:54.500000+00:00,38.46229,41.343723,Medium,0,nback
10,3,2021-09-07 14:18:09.500000+00:00,37.12097,40.076897,Medium,0,nback
10,3,2021-09-07 14:18:24.500000+00:00,44.467606,41.39411,Medium,0,nback
10,3,2021-09-07 14:18:39.500000+00:00,29.341276,37.77826,Medium,0,nback
10,3,2021-09-07 14:18:54.500000+00:00,39.055923,38.16156,Medium,0,nback
10,3,2021-09-07 14:19:09.500000+00:00,16.668568,31.713661,Low,0,nback
10,3,2021-09-07 14:19:24.500000+00:00,23.834814,29.350006,Low,0,nback
10,3,2021-09-07 14:19:39.500000+00:00,27.55651,28.811958,Low,0,crt
10,3,2021-09-07 14:19:54.500000+00:00,30.726896,29.38644,Low,0,crt
10,3,2021-09-07 14:20:09.500000+00:00,25.956556,28.357475,Low,0,crt
10,3,2021-09-07 14:20:24.500000+00:00,31.73554,29.370895,Low,0,crt
10,3,2021-09-07 14:20:39.500000+00:00,25.353975,28.16582,Low,0,crt
10,3,2021-09-07 14:20:54.500000+00:00,29.312721,28.509892,Low,0,nback
10,3,2021-09-07 14:21:09.500000+00:00,32.251717,29.632439,Low,0,nback
11,1,2021-09-06 12:42:07.500000+00:00,21.328264,27.141186,Low,0,baseline
11,1,2021-09-06 12:42:22.500000+00:00,27.012299,27.10252,Low,0,baseline
11,1,2021-09-06 12:42:37.500000+00:00,17.479599,24.215643,Low,0,baseline
11,1,2021-09-06 12:42:52.500000+00:00,13.452514,20.986706,Low,0,baseline
11,1,2021-09-06 12:43:07.500000+00:00,28.526217,23.248558,Low,0,baseline
11,1,2021-09-06 12:43:22.500000+00:00,24.085304,23.499582,Low,0,baseline
11,1,2021-09-06 12:43:37.500000+00:00,16.98201,21.54431,Low,0,baseline
11,1,2021-09-06 12:43:52.500000+00:00,22.271843,21.76257,Low,0,baseline
11,1,2021-09-06 12:44:07.500000+00:00,11.288642,18.62039,Low,0,baseline
11,1,2021-09-06 12:44:22.500000+00:00,21.732592,19.55405,Low,0,baseline
11,1,2021-09-06 12:44:37.500000+00:00,17.064152,18.80708,Low,0,baseline
11,1,2021-09-06 12:44:52.500000+00:00,18.461123,18.703293,Low,0,baseline
11,1,2021-09-06 12:45:07.500000+00:00,19.850323,19.047401,Low,0,baseline
11,1,2021-09-06 12:45:22.500000+00:00,26.407938,21.255562,Low,0,baseline
11,1,2021-09-06 12:45:37.500000+00:00,24.69353,22.286953,Low,0,baseline
11,1,2021-09-06 12:45:52.500000+00:00,30.257986,24.678265,Low,0,crt
11,1,2021-09-06 12:46:07.500000+00:00,31.791605,26.812267,Low,0,crt
11,1,2021-09-06 12:46:22.500000+00:00,26.28125,26.652962,Low,0,crt
11,1,2021-09-06 12:46:37.500000+00:00,24.82426,26.104351,Low,0,crt
11,1,2021-09-06 12:46:52.500000+00:00,21.45034,24.708147,Low,0,crt
11,1,2021-09-06 12:47:07.500000+00:00,21.804003,23.836903,Low,0,crt
11,1,2021-09-06 12:47:22.500000+00:00,34.966442,27.175764,Low,0,crt
11,1,2021-09-06 12:47:37.500000+00:00,35.0088,29.525677,Low,0,nback
11,1,2021-09-06 12:47:52.500000+00:00,33.817314,30.813168,Low,0,nback
11,1,2021-09-06 12:48:07.500000+00:00,38.80689,33.211285,Medium,0,nback
11,1,2021-09-06 12:48:22.500000+00:00,29.562363,32.116608,Low,0,nback
11,1,2021-09-06 12:48:37.500000+00:00,23.423395,29.508644,Low,0,nback
11,1,2021-09-06 12:48:52.500000+00:00,23.078144,27.579493,Low,0,nback
11,1,2021-09-06 12:49:07.500000+00:00,27.28115,27.48999,Low,0,nback
11,1,2021-09-06 12:49:22.500000+00:00,25.030973,26.752285,Low,0,nback
11,1,2021-09-06 12:49:37.500000+00:00,16.659948,23.724583,Low,0,nback
11,1,2021-09-06 12:49:52.500000+00:00,20.226805,22.675251,Low,0,nback
11,1,2021-09-06 12:50:07.500000+00:00,24.997952,23.372063,Low,0,nback
11,1,2021-09-06 12:50:22.500000+00:00,32.34838,26.064957,Low,0,nback
11,1,2021-09-06 12:50:37.500000+00:00,30.70108,27.455795,Low,0,nback
11,1,2021-09-06 12:50:52.500000+00:00,30.040281,28.231142,Low,0,nback
11,1,2021-09-06 12:51:07.500000+00:00,29.9656,28.75148,Low,0,nback
11,1,2021-09-06 12:51:22.500000+00:00,29.211874,28.889599,Low,0,nback
11,1,2021-09-06 12:51:37.500000+00:00,31.23778,29.594053,Low,0,nback
11,1,2021-09-06 12:51:52.500000+00:00,25.74711,28.439972,Low,0,nback
11,1,2021-09-06 12:52:07.500000+00:00,31.849108,29.462711,Low,0,nback
11,1,2021-09-06 12:52:22.500000+00:00,35.52722,31.282064,Low,0,nback
11,1,2021-09-06 12:52:37.500000+00:00,27.09811,30.026878,Low,0,nback
11,1,2021-09-06 12:52:52.500000+00:00,29.581087,29.89314,Low,0,nback
11,1,2021-09-06 12:53:07.500000+00:00,25.967905,28.715569,Low,0,nback
11,1,2021-09-06 12:53:22.500000+00:00,8.949236,22.785667,Low,0,nback
11,1,2021-09-06 12:53:37.500000+00:00,24.422943,23.276852,Low,0,nback
11,1,2021-09-06 12:53:52.500000+00:00,24.280558,23.577965,Low,0,nback
11,1,2021-09-06 12:54:07.500000+00:00,33.77939,26.638393,Low,0,nback
11,1,2021-09-06 12:54:22.500000+00:00,31.36895,28.05756,Low,0,nback
11,1,2021-09-06 12:54:37.500000+00:00,31.16131,28.988686,Low,0,nback
11,1,2021-09-06 12:54:52.500000+00:00,29.076786,29.015116,Low,0,nback
11,1,2021-09-06 12:55:07.500000+00:00,16.694654,25.318977,Low,0,nback
11,1,2021-09-06 12:55:22.500000+00:00,30.765524,26.952942,Low,0,nback
11,1,2021-09-06 12:55:37.500000+00:00,21.715502,25.38171,Low,0,crt
11,1,2021-09-06 12:55:52.500000+00:00,14.619502,22.153048,Low,0,crt
11,1,2021-09-06 12:56:07.500000+00:00,14.603822,19.88828,Low,0,crt
11,1,2021-09-06 12:56:22.500000+00:00,14.080696,18.146006,Low,0,crt
11,1,2021-09-06 12:56:37.500000+00:00,12.794726,16.540623,Low,0,crt
11,1,2021-09-06 12:56:52.500000+00:00,28.034153,19.988682,Low,0,nback
11,1,2021-09-06 12:57:07.500000+00:00,18.887085,19.658203,Low,0,nback
11,1,2021-09-06 12:57:22.500000+00:00,29.388222,22.57721,Low,0,nback
11,1,2021-09-06 12:57:37.500000+00:00,40.004467,27.805387,Low,0,nback
11,1,2021-09-06 12:57:52.500000+00:00,34.64398,29.856966,Low,0,nback
11,1,2021-09-06 12:58:07.500000+00:00,38.477516,32.44313,Low,0,nback
11,1,2021-09-06 12:58:22.500000+00:00,27.108458,30.84273,Low,0,nback
11,1,2021-09-06 12:58:37.500000+00:00,37.176693,32.74292,Low,0,nback
11,1,2021-09-06 12:58:52.500000+00:00,28.63256,31.509811,Low,0,nback
11,1,2021-09-06 12:59:07.500000+00:00,25.357157,29.664015,Low,0,nback
11,1,2021-09-06 12:59:22.500000+00:00,21.166662,27.114809,Low,0,nback
11,1,2021-09-06 12:59:37.500000+00:00,22.57954,25.754229,Low,0,nback
11,1,2021-09-06 12:59:52.500000+00:00,26.023617,25.835045,Low,0,nback
11,1,2021-09-06 13:00:07.500000+00:00,22.3226,24.781311,Low,0,nback
11,1,2021-09-06 13:00:22.500000+00:00,27.661757,25.645447,Low,0,nback
11,1,2021-09-06 13:00:37.500000+00:00,27.135359,26.09242,Low,0,nback
11,1,2021-09-06 13:00:52.500000+00:00,23.871359,25.426102,Low,0,nback
11,1,2021-09-06 13:01:07.500000+00:00,23.5229,24.85514,Low,0,nback
11,1,2021-09-06 13:01:22.500000+00:00,28.396639,25.917591,Low,0,nback
11,1,2021-09-06 13:01:37.500000+00:00,23.902155,25.31296,Low,0,nback
11,1,2021-09-06 13:01:52.500000+00:00,22.628439,24.507605,Low,0,nback
11,1,2021-09-06 13:02:07.500000+00:00,26.64116,25.14767,Low,0,nback
11,1,2021-09-06 13:02:22.500000+00:00,23.536179,24.664223,Low,0,nback
11,1,2021-09-06 13:02:37.500000+00:00,21.468966,23.705647,Low,0,nback
11,1,2021-09-06 13:02:52.500000+00:00,28.497732,25.143272,Low,0,nback
11,1,2021-09-06 13:03:07.500000+00:00,34.4526,27.93607,Low,0,nback
11,1,2021-09-06 13:03:22.500000+00:00,30.452293,28.690937,Low,0,nback
11,1,2021-09-06 13:03:37.500000+00:00,23.759802,27.211597,Low,0,nback
11,1,2021-09-06 13:03:52.500000+00:00,19.469002,24.888819,Low,0,nback
11,1,2021-09-06 13:04:07.500000+00:00,23.129862,24.361132,Low,0,nback
11,1,2021-09-06 13:04:22.500000+00:00,14.805293,21.494379,Low,0,nback
11,1,2021-09-06 13:04:37.500000+00:00,24.292664,22.333864,Low,0,nback
11,1,2021-09-06 13:04:52.500000+00:00,32.603783,25.41484,Low,0,nback
11,1,2021-09-06 13:05:07.500000+00:00,29.437307,26.621582,Low,0,nback
11,1,2021-09-06 13:05:22.500000+00:00,15.115763,23.169836,Low,0,nback
11,1,2021-09-06 13:05:37.500000+00:00,18.196125,21.677723,Low,0,nback
11,1,2021-09-06 13:05:52.500000+00:00,20.48242,21.319132,Low,0,crt
11,1,2021-09-06 13:06:07.500000+00:00,17.550293,20.18848,Low,0,crt
11,1,2021-09-06 13:06:22.500000+00:00,23.927906,21.310308,Low,0,crt
11,1,2021-09-06 13:06:37.500000+00:00,15.112645,19.45101,Low,0,crt
11,1,2021-09-06 13:06:52.500000+00:00,24.741972,21.038298,Low,0,crt
11,1,2021-09-06 13:07:07.500000+00:00,24.453775,22.062943,Low,0,nback
11,1,2021-09-06 13:07:22.500000+00:00,25.841688,23.196566,Low,0,nback
11,2,2021-09-08 13:13:30.500000+00:00,23.160044,23.18561,Low,0,baseline
11,2,2021-09-08 13:13:45.500000+00:00,24.750397,23.655046,Low,0,baseline
11,2,2021-09-08 13:14:00.500000+00:00,28.333076,25.058456,Low,0,baseline
11,2,2021-09-08 13:14:15.500000+00:00,3.5136564,18.595015,Low,0,baseline
11,2,2021-09-08 13:14:30.500000+00:00,2.846069,13.870331,Low,0,baseline
11,2,2021-09-08 13:14:45.500000+00:00,6.1790357,11.5629425,Low,0,baseline
11,2,2021-09-08 13:15:00.500000+00:00,6.44691,10.028133,Low,0,baseline
11,2,2021-09-08 13:15:15.500000+00:00,15.850409,11.7748165,Low,0,baseline
11,2,2021-09-08 13:15:30.500000+00:00,10.065436,11.262003,Low,0,baseline
11,2,2021-09-08 13:15:45.500000+00:00,6.7460895,9.907228,Low,0,baseline
11,2,2021-09-08 13:16:00.500000+00:00,7.8741665,9.29731,Low,0,baseline
11,2,2021-09-08 13:16:15.500000+00:00,5.944461,8.291455,Low,0,baseline
11,2,2021-09-08 13:16:30.500000+00:00,12.547857,9.568376,Low,0,baseline
11,2,2021-09-08 13:16:45.500000+00:00,3.0290525,7.6065784,Low,0,crt
11,2,2021-09-08 13:17:00.500000+00:00,8.5759945,7.8974037,Low,0,crt
11,2,2021-09-08 13:17:15.500000+00:00,10.284094,8.613411,Low,0,crt
11,2,2021-09-08 13:17:30.500000+00:00,8.4777155,8.572702,Low,0,crt
11,2,2021-09-08 13:17:45.500000+00:00,7.54311,8.263824,Low,0,crt
11,2,2021-09-08 13:18:00.500000+00:00,5.065608,7.3043594,Low,0,nback
11,2,2021-09-08 13:18:15.500000+00:00,6.392013,7.0306554,Low,0,nback
11,2,2021-09-08 13:18:30.500000+00:00,8.127815,7.359803,Low,0,nback
11,2,2021-09-08 13:18:45.500000+00:00,5.909247,6.9246364,Low,0,nback
11,2,2021-09-08 13:19:00.500000+00:00,7.4462395,7.081117,Low,0,nback
11,2,2021-09-08 13:19:15.500000+00:00,8.087936,7.383163,Low,0,nback
11,2,2021-09-08 13:19:30.500000+00:00,10.072795,8.190052,Low,0,nback
11,2,2021-09-08 13:19:45.500000+00:00,17.23848,10.904581,Low,0,nback
11,2,2021-09-08 13:20:00.500000+00:00,15.9237795,12.410341,Low,0,nback
11,2,2021-09-08 13:20:15.500000+00:00,15.041124,13.199576,Low,0,nback
11,2,2021-09-08 13:20:30.500000+00:00,20.734596,15.460083,Low,0,nback
11,2,2021-09-08 13:20:45.500000+00:00,18.065847,16.241812,Low,0,nback
11,2,2021-09-08 13:21:00.500000+00:00,13.307584,15.361544,Low,0,nback
11,2,2021-09-08 13:21:15.500000+00:00,23.590754,17.830307,Low,0,nback
11,2,2021-09-08 13:21:30.500000+00:00,17.410248,17.704288,Low,0,nback
11,2,2021-09-08 13:21:45.500000+00:00,23.496147,19.441845,Low,0,nback
11,2,2021-09-08 13:22:00.500000+00:00,20.217295,19.67448,Low,0,nback
11,2,2021-09-08 13:22:15.500000+00:00,22.351353,20.477543,Low,0,nback
11,2,2021-09-08 13:22:30.500000+00:00,24.264124,21.613518,Low,0,nback
11,2,2021-09-08 13:22:45.500000+00:00,21.102863,21.460321,Low,0,nback
11,2,2021-09-08 13:23:00.500000+00:00,18.653204,20.618187,Low,0,nback
11,2,2021-09-08 13:23:15.500000+00:00,21.675846,20.935486,Low,0,nback
11,2,2021-09-08 13:23:30.500000+00:00,14.940416,19.136965,Low,0,nback
11,2,2021-09-08 13:23:45.500000+00:00,18.667025,18.995983,Low,0,crt
11,2,2021-09-08 13:24:00.500000+00:00,13.426876,17.32525,Low,0,crt
11,2,2021-09-08 13:24:15.500000+00:00,16.622189,17.114332,Low,0,crt
11,2,2021-09-08 13:24:30.500000+00:00,23.711693,19.09354,Low,0,crt
11,2,2021-09-08 13:24:45.500000+00:00,13.972522,17.557234,Low,0,nback
11,2,2021-09-08 13:25:00.500000+00:00,13.841977,16.442657,Low,0,nback
11,2,2021-09-08 13:25:15.500000+00:00,12.305216,15.201425,Low,0,nback
11,2,2021-09-08 13:25:30.500000+00:00,14.86407,15.100218,Low,0,nback
11,2,2021-09-08 13:25:45.500000+00:00,22.865158,17.429699,Low,0,nback
11,2,2021-09-08 13:26:00.500000+00:00,19.398722,18.020407,Low,0,nback
11,2,2021-09-08 13:26:15.500000+00:00,25.42041,20.240408,Low,0,nback
11,2,2021-09-08 13:26:30.500000+00:00,25.730286,21.887371,Low,0,nback
11,2,2021-09-08 13:26:45.500000+00:00,25.85613,23.078,Low,0,nback
11,2,2021-09-08 13:27:00.500000+00:00,29.160852,24.902855,Low,0,nback
11,2,2021-09-08 13:27:15.500000+00:00,26.661894,25.430565,Low,0,nback
11,2,2021-09-08 13:27:30.500000+00:00,22.258167,24.478846,Low,0,nback
11,2,2021-09-08 13:27:45.500000+00:00,28.287592,25.621468,Low,0,nback
11,2,2021-09-08 13:28:00.500000+00:00,24.591007,25.312328,Low,0,nback
11,2,2021-09-08 13:28:15.500000+00:00,20.31818,23.814083,Low,0,nback
11,2,2021-09-08 13:28:30.500000+00:00,17.054115,21.78609,Low,0,nback
11,2,2021-09-08 13:28:45.500000+00:00,23.47447,22.292604,Low,0,nback
11,2,2021-09-08 13:29:00.500000+00:00,20.720028,21.820831,Low,0,nback
11,2,2021-09-08 13:29:15.500000+00:00,23.82254,22.421345,Low,0,nback
11,2,2021-09-08 13:29:30.500000+00:00,20.564074,21.864164,Low,0,nback
11,2,2021-09-08 13:29:45.500000+00:00,19.790852,21.24217,Low,0,nback
11,2,2021-09-08 13:30:00.500000+00:00,26.670897,22.870789,Low,0,nback
11,2,2021-09-08 13:30:15.500000+00:00,21.3147,22.403961,Low,0,nback
11,2,2021-09-08 13:30:30.500000+00:00,31.329988,25.08177,Low,0,nback
11,2,2021-09-08 13:30:45.500000+00:00,26.209093,25.419968,Low,0,nback
11,2,2021-09-08 13:31:00.500000+00:00,20.303024,23.884886,Low,0,nback
11,2,2021-09-08 13:31:15.500000+00:00,15.650287,21.414505,Low,0,nback
11,2,2021-09-08 13:31:30.500000+00:00,14.695042,19.398666,Low,0,nback
11,2,2021-09-08 13:31:45.500000+00:00,20.373718,19.691181,Low,0,nback
11,2,2021-09-08 13:32:00.500000+00:00,24.193172,21.041779,Low,0,nback
11,2,2021-09-08 13:32:15.500000+00:00,26.702694,22.740055,Low,0,nback
11,2,2021-09-08 13:32:30.500000+00:00,22.303574,22.609112,Low,0,nback
11,2,2021-09-08 13:32:45.500000+00:00,28.838516,24.477932,Low,0,crt
11,2,2021-09-08 13:33:00.500000+00:00,30.83621,26.385414,Low,0,crt
11,2,2021-09-08 13:33:15.500000+00:00,29.384674,27.285192,Low,0,crt
11,2,2021-09-08 13:33:30.500000+00:00,33.240616,29.07182,Low,0,crt
11,2,2021-09-08 13:33:45.500000+00:00,26.787947,28.386658,Low,0,nback
11,2,2021-09-08 13:34:00.500000+00:00,29.717442,28.785892,Low,0,nback
11,2,2021-09-08 13:34:15.500000+00:00,20.071146,26.171467,Low,0,nback
11,3,2021-09-09 13:07:39.500000+00:00,8.721953,20.936613,Low,0,baseline
11,3,2021-09-09 13:07:54.500000+00:00,14.971399,19.147049,Low,0,baseline
11,3,2021-09-09 13:08:09.500000+00:00,10.969157,16.693682,Low,0,baseline
11,3,2021-09-09 13:08:24.500000+00:00,12.355768,15.392308,Low,0,baseline
11,3,2021-09-09 13:08:39.500000+00:00,20.347237,16.878786,Low,0,baseline
11,3,2021-09-09 13:08:54.500000+00:00,17.938446,17.196684,Low,0,baseline
11,3,2021-09-09 13:09:09.500000+00:00,15.03736,16.548887,Low,0,baseline
11,3,2021-09-09 13:09:24.500000+00:00,27.248365,19.758732,Low,0,baseline
11,3,2021-09-09 13:09:39.500000+00:00,22.567493,20.60136,Low,0,baseline
11,3,2021-09-09 13:09:54.500000+00:00,13.471503,18.462402,Low,0,baseline
11,3,2021-09-09 13:10:09.500000+00:00,13.892307,17.091373,Low,0,baseline
11,3,2021-09-09 13:10:24.500000+00:00,12.226707,15.631974,Low,0,baseline
11,3,2021-09-09 13:10:39.500000+00:00,15.077481,15.465626,Low,0,baseline
11,3,2021-09-09 13:10:54.500000+00:00,14.4542,15.162199,Low,0,crt
11,3,2021-09-09 13:11:09.500000+00:00,14.416031,14.938349,Low,0,crt
11,3,2021-09-09 13:11:24.500000+00:00,14.566326,14.826742,Low,0,crt
11,3,2021-09-09 13:11:39.500000+00:00,15.61747,15.063961,Low,0,crt
11,3,2021-09-09 13:11:54.500000+00:00,15.889487,15.311619,Low,0,crt
11,3,2021-09-09 13:12:09.500000+00:00,16.704304,15.729424,Low,0,nback
11,3,2021-09-09 13:12:24.500000+00:00,13.9368,15.191637,Low,0,nback
11,3,2021-09-09 13:12:39.500000+00:00,20.204254,16.695423,Low,0,nback
11,3,2021-09-09 13:12:54.500000+00:00,14.666734,16.086817,Low,0,nback
11,3,2021-09-09 13:13:09.500000+00:00,15.487938,15.907153,Low,0,nback
11,3,2021-09-09 13:13:24.500000+00:00,17.889393,16.501825,Low,0,nback
11,3,2021-09-09 13:13:39.500000+00:00,15.615527,16.235935,Low,0,nback
11,3,2021-09-09 13:13:54.500000+00:00,13.957748,15.552479,Low,0,nback
11,3,2021-09-09 13:14:09.500000+00:00,12.553943,14.652918,Low,0,nback
11,3,2021-09-09 13:14:24.500000+00:00,10.875664,13.519741,Low,0,nback
11,3,2021-09-09 13:14:39.500000+00:00,10.534164,12.624068,Low,0,nback
11,3,2021-09-09 13:14:54.500000+00:00,10.585855,12.012604,Low,0,nback
11,3,2021-09-09 13:15:09.500000+00:00,10.920014,11.684827,Low,0,nback
11,3,2021-09-09 13:15:24.500000+00:00,13.50151,12.229832,Low,0,nback
11,3,2021-09-09 13:15:39.500000+00:00,13.68178,12.665416,Low,0,nback
11,3,2021-09-09 13:15:54.500000+00:00,14.837149,13.3169365,Low,0,nback
11,3,2021-09-09 13:16:09.500000+00:00,9.911678,12.295359,Low,0,nback
11,3,2021-09-09 13:16:24.500000+00:00,13.904536,12.778111,Low,0,nback
11,3,2021-09-09 13:16:39.500000+00:00,9.902344,11.915381,Low,0,nback
11,3,2021-09-09 13:16:54.500000+00:00,6.325226,10.238335,Low,0,nback
11,3,2021-09-09 13:17:09.500000+00:00,8.069221,9.587601,Low,0,crt
11,3,2021-09-09 13:17:24.500000+00:00,12.542364,10.47403,Low,0,crt
11,3,2021-09-09 13:17:39.500000+00:00,13.909861,11.504779,Low,0,crt
11,3,2021-09-09 13:17:54.500000+00:00,18.54452,13.616701,Low,0,crt
11,3,2021-09-09 13:18:09.500000+00:00,24.950333,17.01679,Low,0,crt
11,3,2021-09-09 13:18:24.500000+00:00,11.922822,15.4886,Low,0,nback
11,3,2021-09-09 13:18:39.500000+00:00,15.976557,15.634987,Low,0,nback
11,3,2021-09-09 13:18:54.500000+00:00,12.748121,14.768927,Low,0,nback
11,3,2021-09-09 13:19:09.500000+00:00,22.872553,17.200014,Low,0,nback
11,3,2021-09-09 13:19:24.500000+00:00,28.453466,20.57605,Low,0,nback
11,3,2021-09-09 13:19:39.500000+00:00,19.506134,20.255075,Low,0,nback
11,3,2021-09-09 13:19:54.500000+00:00,20.264637,20.257944,Low,0,nback
11,3,2021-09-09 13:20:09.500000+00:00,13.625645,18.268255,Low,0,nback
11,3,2021-09-09 13:20:24.500000+00:00,12.18617,16.44363,Low,0,nback
11,3,2021-09-09 13:20:39.500000+00:00,15.763937,16.239723,Low,0,nback
11,3,2021-09-09 13:20:54.500000+00:00,13.398831,15.387456,Low,0,nback
11,3,2021-09-09 13:21:09.500000+00:00,13.002052,14.671835,Low,0,nback
11,3,2021-09-09 13:21:24.500000+00:00,13.656581,14.367259,Low,0,nback
11,3,2021-09-09 13:21:39.500000+00:00,13.122563,13.993851,Low,0,nback
11,3,2021-09-09 13:21:54.500000+00:00,15.286166,14.381546,Low,0,nback
11,3,2021-09-09 13:22:09.500000+00:00,16.72453,15.084441,Low,0,nback
11,3,2021-09-09 13:22:24.500000+00:00,19.027481,16.267353,Low,0,nback
11,3,2021-09-09 13:22:39.500000+00:00,13.197928,15.346525,Low,0,nback
11,3,2021-09-09 13:22:54.500000+00:00,15.316505,15.337519,Low,0,nback
11,3,2021-09-09 13:23:09.500000+00:00,21.440763,17.168493,Low,0,nback
11,3,2021-09-09 13:23:24.500000+00:00,14.12067,16.254147,Low,0,nback
11,3,2021-09-09 13:23:39.500000+00:00,15.977288,16.17109,Low,0,nback
11,3,2021-09-09 13:23:54.500000+00:00,24.902128,18.790401,Low,0,nback
11,3,2021-09-09 13:24:09.500000+00:00,12.734637,16.973673,Low,0,nback
11,3,2021-09-09 13:24:24.500000+00:00,8.418869,14.407231,Low,0,crt
11,3,2021-09-09 13:24:39.500000+00:00,1.4868585,10.531119,Low,0,crt
11,3,2021-09-09 13:24:54.500000+00:00,7.106903,9.503855,Low,0,crt
11,3,2021-09-09 13:25:09.500000+00:00,9.479976,9.496691,Low,0,crt
11,3,2021-09-09 13:25:24.500000+00:00,9.216327,9.412581,Low,0,crt
11,3,2021-09-09 13:25:39.500000+00:00,3.4905956,7.635986,Low,0,nback
11,3,2021-09-09 13:25:54.500000+00:00,4.180289,6.5992765,Low,0,nback
12,1,2021-09-08 16:24:45.500000+00:00,29.397095,13.438622,Low,0,baseline
12,1,2021-09-08 16:25:00.500000+00:00,28.92823,18.085506,Low,0,baseline
12,1,2021-09-08 16:25:15.500000+00:00,24.535418,20.02048,Low,0,baseline
12,1,2021-09-08 16:25:30.500000+00:00,27.072742,22.136158,Low,0,baseline
12,1,2021-09-08 16:25:45.500000+00:00,19.69463,21.4037,Low,0,baseline
12,1,2021-09-08 16:26:00.500000+00:00,23.852493,22.138338,Low,0,baseline
12,1,2021-09-08 16:26:15.500000+00:00,26.553589,23.462914,Low,0,baseline
12,1,2021-09-08 16:26:30.500000+00:00,36.64601,27.417843,Low,0,baseline
12,1,2021-09-08 16:26:45.500000+00:00,33.02431,29.099783,Low,0,baseline
12,1,2021-09-08 16:27:00.500000+00:00,31.047594,29.684128,Low,0,baseline
12,1,2021-09-08 16:27:15.500000+00:00,27.240143,28.950932,Low,0,baseline
12,1,2021-09-08 16:27:30.500000+00:00,31.505583,29.717327,Low,0,baseline
12,1,2021-09-08 16:27:45.500000+00:00,36.917095,31.877256,Low,0,baseline
12,1,2021-09-08 16:28:00.500000+00:00,33.053085,32.230003,Low,0,baseline
12,1,2021-09-08 16:28:15.500000+00:00,31.952463,32.146744,Low,0,baseline
12,1,2021-09-08 16:28:30.500000+00:00,33.462944,32.541603,Low,0,baseline
12,1,2021-09-08 16:28:45.500000+00:00,38.730537,34.398285,Medium,0,crt
12,1,2021-09-08 16:29:00.500000+00:00,41.736385,36.599716,Medium,0,crt
12,1,2021-09-08 16:29:15.500000+00:00,41.923412,38.196823,Medium,0,crt
12,1,2021-09-08 16:29:30.500000+00:00,36.69268,37.745583,Medium,0,crt
12,1,2021-09-08 16:29:45.500000+00:00,34.27311,36.703842,Medium,0,crt
12,1,2021-09-08 16:30:00.500000+00:00,23.859509,32.850544,Low,0,crt
12,1,2021-09-08 16:30:15.500000+00:00,32.248264,32.66986,Low,0,crt
12,1,2021-09-08 16:30:30.500000+00:00,34.846447,33.322838,Medium,0,crt
12,1,2021-09-08 16:30:45.500000+00:00,27.969707,31.7169,Low,0,crt
12,1,2021-09-08 16:31:00.500000+00:00,28.998823,30.901478,Low,0,crt
12,1,2021-09-08 16:31:15.500000+00:00,31.566202,31.100895,Low,0,crt
12,1,2021-09-08 16:31:30.500000+00:00,21.238493,28.142174,Low,0,crt
12,1,2021-09-08 16:31:45.500000+00:00,20.860935,25.957802,Low,0,nback
12,1,2021-09-08 16:32:00.500000+00:00,31.63258,27.660236,Low,0,nback
12,1,2021-09-08 16:32:15.500000+00:00,22.889923,26.229143,Low,0,nback
12,1,2021-09-08 16:32:30.500000+00:00,23.424006,25.387602,Low,0,nback
12,1,2021-09-08 16:32:45.500000+00:00,15.168468,22.321861,Low,0,nback
12,1,2021-09-08 16:33:00.500000+00:00,22.733358,22.44531,Low,0,nback
12,1,2021-09-08 16:33:15.500000+00:00,29.962687,24.700523,Low,0,nback
12,1,2021-09-08 16:33:30.500000+00:00,27.072731,25.412186,Low,0,nback
12,1,2021-09-08 16:33:45.500000+00:00,26.332224,25.688198,Low,0,nback
12,1,2021-09-08 16:34:00.500000+00:00,33.644394,28.075058,Low,0,nback
12,1,2021-09-08 16:34:15.500000+00:00,33.4171,29.67767,Low,0,nback
12,1,2021-09-08 16:34:30.500000+00:00,35.936726,31.555386,Low,0,nback
12,1,2021-09-08 16:34:45.500000+00:00,27.460255,30.326847,Low,0,nback
12,1,2021-09-08 16:35:00.500000+00:00,31.800488,30.76894,Low,0,nback
12,1,2021-09-08 16:35:15.500000+00:00,27.842499,29.891006,Low,0,nback
12,1,2021-09-08 16:35:30.500000+00:00,33.519203,30.979465,Low,0,nback
12,1,2021-09-08 16:35:45.500000+00:00,35.424118,32.31286,Low,0,nback
12,1,2021-09-08 16:36:00.500000+00:00,33.66191,32.717575,Low,0,nback
12,1,2021-09-08 16:36:15.500000+00:00,30.217371,31.967514,Low,0,nback
12,1,2021-09-08 16:36:30.500000+00:00,28.6841,30.98249,Low,0,nback
12,1,2021-09-08 16:36:45.500000+00:00,21.49692,28.136818,Low,0,nback
12,1,2021-09-08 16:37:00.500000+00:00,37.638504,30.987324,Low,0,nback
12,1,2021-09-08 16:37:15.500000+00:00,27.407032,29.913235,Low,0,nback
12,1,2021-09-08 16:37:30.500000+00:00,22.161364,27.587673,Low,0,crt
12,1,2021-09-08 16:37:45.500000+00:00,19.883204,25.276333,Low,0,crt
12,1,2021-09-08 16:38:00.500000+00:00,16.829826,22.74238,Low,0,crt
12,1,2021-09-08 16:38:15.500000+00:00,38.33882,27.421314,Low,0,crt
12,1,2021-09-08 16:38:30.500000+00:00,20.916664,25.46992,Low,0,crt
12,1,2021-09-08 16:38:45.500000+00:00,13.758427,21.95647,Low,0,nback
12,1,2021-09-08 16:39:00.500000+00:00,20.242327,21.442226,Low,0,nback
12,1,2021-09-08 16:39:15.500000+00:00,27.552334,23.275259,Low,0,nback
12,1,2021-09-08 16:39:30.500000+00:00,35.50271,26.943493,Low,0,nback
12,1,2021-09-08 16:39:45.500000+00:00,35.390007,29.477448,Low,0,nback
12,1,2021-09-08 16:40:00.500000+00:00,22.769693,27.46512,Low,0,nback
12,1,2021-09-08 16:40:15.500000+00:00,25.644234,26.918854,Low,0,nback
12,1,2021-09-08 16:40:30.500000+00:00,47.0722,32.96486,Low,0,nback
12,1,2021-09-08 16:40:45.500000+00:00,33.010227,32.97847,Low,0,nback
12,1,2021-09-08 16:41:00.500000+00:00,26.465988,31.024725,Low,0,nback
12,1,2021-09-08 16:41:15.500000+00:00,40.56538,33.886925,Medium,0,nback
12,1,2021-09-08 16:41:30.500000+00:00,40.38312,35.835785,Medium,0,nback
12,1,2021-09-08 16:41:45.500000+00:00,41.19529,37.443634,Medium,0,nback
12,1,2021-09-08 16:42:00.500000+00:00,42.31433,38.904842,Medium,0,nback
12,1,2021-09-08 16:42:15.500000+00:00,29.88037,36.197502,Medium,0,nback
12,1,2021-09-08 16:42:30.500000+00:00,32.316925,35.03333,Medium,0,nback
12,1,2021-09-08 16:42:45.500000+00:00,30.573446,33.695366,Medium,0,nback
12,1,2021-09-08 16:43:00.500000+00:00,29.095884,32.31552,Low,0,nback
12,1,2021-09-08 16:43:15.500000+00:00,25.766796,30.350904,Low,0,nback
12,1,2021-09-08 16:43:30.500000+00:00,29.540148,30.107677,Low,0,nback
12,1,2021-09-08 16:43:45.500000+00:00,31.786926,30.611454,Low,0,nback
12,1,2021-09-08 16:44:00.500000+00:00,38.319187,32.923775,Low,0,nback
12,1,2021-09-08 16:44:15.500000+00:00,37.963486,34.435688,Medium,0,nback
12,1,2021-09-08 16:44:30.500000+00:00,36.791264,35.14236,Medium,0,nback
12,1,2021-09-08 16:44:45.500000+00:00,24.842085,32.052277,Low,0,nback
12,1,2021-09-08 16:45:00.500000+00:00,24.306173,29.728447,Low,0,nback
12,1,2021-09-08 16:45:15.500000+00:00,24.973467,28.301952,Low,0,nback
12,1,2021-09-08 16:45:30.500000+00:00,25.01214,27.31501,Low,0,nback
12,1,2021-09-08 16:45:45.500000+00:00,29.237888,27.891872,Low,0,nback
12,1,2021-09-08 16:46:00.500000+00:00,21.655376,26.020924,Low,0,nback
12,1,2021-09-08 16:46:15.500000+00:00,20.900854,24.484901,Low,0,nback
12,1,2021-09-08 16:46:30.500000+00:00,23.310318,24.132526,Low,0,nback
12,1,2021-09-08 16:46:45.500000+00:00,23.219624,23.858656,Low,0,nback
12,1,2021-09-08 16:47:00.500000+00:00,26.578077,24.674482,Low,0,nback
12,1,2021-09-08 16:47:15.500000+00:00,20.432903,23.402008,Low,0,nback
12,1,2021-09-08 16:47:30.500000+00:00,37.38849,27.597952,Low,0,crt
12,1,2021-09-08 16:47:45.500000+00:00,27.171076,27.469889,Low,0,crt
12,1,2021-09-08 16:48:00.500000+00:00,37.2928,30.416763,Low,0,crt
12,1,2021-09-08 16:48:15.500000+00:00,36.787968,32.328125,Low,0,crt
12,1,2021-09-08 16:48:30.500000+00:00,35.927925,33.408066,Medium,0,crt
12,1,2021-09-08 16:48:45.500000+00:00,30.019587,32.39152,Low,0,crt
12,1,2021-09-08 16:49:00.500000+00:00,37.792263,34.01174,Medium,0,nback
12,2,2021-09-09 16:15:49.500000+00:00,14.132758,28.048046,Low,0,baseline
12,2,2021-09-09 16:16:04.500000+00:00,12.406764,23.355661,Low,0,baseline
12,2,2021-09-09 16:16:19.500000+00:00,15.171861,20.90052,Low,0,baseline
12,2,2021-09-09 16:16:34.500000+00:00,14.599228,19.010132,Low,0,baseline
12,2,2021-09-09 16:16:49.500000+00:00,19.222889,19.07396,Low,0,baseline
12,2,2021-09-09 16:17:04.500000+00:00,9.736888,16.272839,Low,0,baseline
12,2,2021-09-09 16:17:19.500000+00:00,12.978569,15.284557,Low,0,baseline
12,2,2021-09-09 16:17:34.500000+00:00,32.73957,20.52106,Low,0,baseline
12,2,2021-09-09 16:17:49.500000+00:00,26.282137,22.249384,Low,0,baseline
12,2,2021-09-09 16:18:04.500000+00:00,28.519398,24.130388,Low,0,baseline
12,2,2021-09-09 16:18:19.500000+00:00,13.4749775,20.933765,Low,0,baseline
12,2,2021-09-09 16:18:34.500000+00:00,16.225962,19.521425,Low,0,baseline
12,2,2021-09-09 16:18:49.500000+00:00,8.662208,16.26366,Low,0,baseline
12,2,2021-09-09 16:19:04.500000+00:00,14.648258,15.77904,Low,0,crt
12,2,2021-09-09 16:19:19.500000+00:00,9.867706,14.00564,Low,0,crt
12,2,2021-09-09 16:19:34.500000+00:00,9.799444,12.743781,Low,0,crt
12,2,2021-09-09 16:19:49.500000+00:00,8.594755,11.499073,Low,0,crt
12,2,2021-09-09 16:20:04.500000+00:00,14.431765,12.3788805,Low,0,crt
12,2,2021-09-09 16:20:19.500000+00:00,15.622943,13.352099,Low,0,nback
12,2,2021-09-09 16:20:34.500000+00:00,22.03071,15.955683,Low,0,nback
12,2,2021-09-09 16:20:49.500000+00:00,18.625374,16.75659,Low,0,nback
12,2,2021-09-09 16:21:04.500000+00:00,17.271025,16.91092,Low,0,nback
12,2,2021-09-09 16:21:19.500000+00:00,12.816323,15.682541,Low,0,nback
12,2,2021-09-09 16:21:34.500000+00:00,17.888779,16.344412,Low,0,nback
12,2,2021-09-09 16:21:49.500000+00:00,12.585705,15.216799,Low,0,nback
12,2,2021-09-09 16:22:04.500000+00:00,8.890665,13.318958,Low,0,nback
12,2,2021-09-09 16:22:19.500000+00:00,12.437973,13.054663,Low,0,nback
12,2,2021-09-09 16:22:34.500000+00:00,14.423149,13.465208,Low,0,nback
12,2,2021-09-09 16:22:49.500000+00:00,14.231259,13.6950245,Low,0,nback
12,2,2021-09-09 16:23:04.500000+00:00,9.456967,12.423608,Low,0,nback
12,2,2021-09-09 16:23:19.500000+00:00,10.430401,11.825645,Low,0,nback
12,2,2021-09-09 16:23:34.500000+00:00,12.483501,12.023002,Low,0,nback
12,2,2021-09-09 16:23:49.500000+00:00,11.483214,11.861066,Low,0,nback
12,2,2021-09-09 16:24:04.500000+00:00,12.764846,12.1322,Low,0,nback
12,2,2021-09-09 16:24:19.500000+00:00,15.307596,13.08482,Low,0,nback
12,2,2021-09-09 16:24:34.500000+00:00,16.248539,14.033936,Low,0,nback
12,2,2021-09-09 16:24:49.500000+00:00,10.170399,12.874874,Low,0,nback
12,2,2021-09-09 16:25:04.500000+00:00,10.042807,12.025254,Low,0,nback
12,2,2021-09-09 16:25:19.500000+00:00,14.001605,12.61816,Low,0,nback
12,2,2021-09-09 16:25:34.500000+00:00,14.349298,13.137502,Low,0,crt
12,2,2021-09-09 16:25:49.500000+00:00,8.716851,11.811306,Low,0,crt
12,2,2021-09-09 16:26:04.500000+00:00,9.861154,11.22626,Low,0,crt
12,2,2021-09-09 16:26:19.500000+00:00,10.797808,11.097725,Low,0,crt
12,2,2021-09-09 16:26:34.500000+00:00,13.174218,11.720673,Low,0,crt
12,2,2021-09-09 16:26:49.500000+00:00,14.575034,12.576981,Low,0,nback
12,2,2021-09-09 16:27:04.500000+00:00,11.7678995,12.334256,Low,0,nback
12,2,2021-09-09 16:27:19.500000+00:00,5.4326315,10.263768,Low,0,nback
12,2,2021-09-09 16:27:34.500000+00:00,14.840636,11.636828,Low,0,nback
12,2,2021-09-09 16:27:49.500000+00:00,14.138044,12.387194,Low,0,nback
12,2,2021-09-09 16:28:04.500000+00:00,12.565459,12.440674,Low,0,nback
12,2,2021-09-09 16:28:19.500000+00:00,22.846357,15.562379,Low,0,nback
12,2,2021-09-09 16:28:34.500000+00:00,23.498207,17.943127,Low,0,nback
12,2,2021-09-09 16:28:49.500000+00:00,15.4562235,17.197056,Low,0,nback
12,2,2021-09-09 16:29:04.500000+00:00,19.899776,18.007872,Low,0,nback
12,2,2021-09-09 16:29:19.500000+00:00,17.212315,17.769203,Low,0,nback
12,2,2021-09-09 16:29:34.500000+00:00,13.768457,16.56898,Low,0,nback
12,2,2021-09-09 16:29:49.500000+00:00,19.406103,17.420116,Low,0,nback
12,2,2021-09-09 16:30:04.500000+00:00,18.340696,17.696291,Low,0,nback
12,2,2021-09-09 16:30:19.500000+00:00,15.225806,16.955145,Low,0,nback
12,2,2021-09-09 16:30:34.500000+00:00,9.230591,14.637778,Low,0,nback
12,2,2021-09-09 16:30:49.500000+00:00,15.108324,14.778942,Low,0,nback
12,2,2021-09-09 16:31:04.500000+00:00,19.239641,16.117153,Low,0,nback
12,2,2021-09-09 16:31:19.500000+00:00,28.09189,19.709576,Low,0,nback
12,2,2021-09-09 16:31:34.500000+00:00,29.572119,22.668339,Low,0,nback
12,2,2021-09-09 16:31:49.500000+00:00,12.834496,19.718185,Low,0,nback
12,2,2021-09-09 16:32:04.500000+00:00,12.990317,17.699825,Low,0,nback
12,2,2021-09-09 16:32:19.500000+00:00,13.888906,16.55655,Low,0,crt
12,2,2021-09-09 16:32:34.500000+00:00,19.396555,17.40855,Low,0,crt
12,2,2021-09-09 16:32:49.500000+00:00,16.275782,17.06872,Low,0,crt
12,2,2021-09-09 16:33:04.500000+00:00,11.130431,15.287233,Low,0,crt
12,2,2021-09-09 16:33:19.500000+00:00,16.461214,15.639427,Low,0,nback
12,2,2021-09-09 16:33:34.500000+00:00,17.988522,16.344154,Low,0,nback
12,3,2021-09-10 16:12:31.500000+00:00,26.880344,19.505013,Low,0,baseline
12,3,2021-09-10 16:12:46.500000+00:00,31.43162,23.082994,Low,0,baseline
12,3,2021-09-10 16:13:01.500000+00:00,24.3545,23.464447,Low,0,baseline
12,3,2021-09-10 16:13:16.500000+00:00,24.340229,23.72718,Low,0,baseline
12,3,2021-09-10 16:13:31.500000+00:00,25.512194,24.262684,Low,0,baseline
12,3,2021-09-10 16:13:46.500000+00:00,13.944502,21.167229,Low,0,baseline
12,3,2021-09-10 16:14:01.500000+00:00,13.959174,19.004812,Low,0,baseline
12,3,2021-09-10 16:14:16.500000+00:00,12.156424,16.950296,Low,0,baseline
12,3,2021-09-10 16:14:31.500000+00:00,14.394123,16.183445,Low,0,baseline
12,3,2021-09-10 16:14:46.500000+00:00,14.092697,15.556221,Low,0,baseline
12,3,2021-09-10 16:15:01.500000+00:00,12.204019,14.55056,Low,0,baseline
12,3,2021-09-10 16:15:16.500000+00:00,13.973912,14.377565,Low,0,baseline
12,3,2021-09-10 16:15:31.500000+00:00,15.165247,14.613871,Low,0,baseline
12,3,2021-09-10 16:15:46.500000+00:00,16.498575,15.179282,Low,0,baseline
12,3,2021-09-10 16:16:01.500000+00:00,15.562384,15.294213,Low,0,crt
12,3,2021-09-10 16:16:16.500000+00:00,20.640846,16.898203,Low,0,crt
12,3,2021-09-10 16:16:31.500000+00:00,19.83512,17.779278,Low,0,crt
12,3,2021-09-10 16:16:46.500000+00:00,15.801421,17.18592,Low,0,crt
12,3,2021-09-10 16:17:01.500000+00:00,12.941641,15.912637,Low,0,crt
12,3,2021-09-10 16:17:16.500000+00:00,16.961058,16.227163,Low,0,nback
12,3,2021-09-10 16:17:31.500000+00:00,14.482871,15.7038765,Low,0,nback
12,3,2021-09-10 16:17:46.500000+00:00,22.336847,17.693768,Low,0,nback
12,3,2021-09-10 16:18:01.500000+00:00,22.03956,18.997505,Low,0,nback
12,3,2021-09-10 16:18:16.500000+00:00,15.018301,17.803743,Low,0,nback
12,3,2021-09-10 16:18:31.500000+00:00,21.453367,18.89863,Low,0,nback
12,3,2021-09-10 16:18:46.500000+00:00,17.94065,18.611237,Low,0,nback
12,3,2021-09-10 16:19:01.500000+00:00,20.606234,19.209736,Low,0,nback
12,3,2021-09-10 16:19:16.500000+00:00,23.229565,20.415684,Low,0,nback
12,3,2021-09-10 16:19:31.500000+00:00,22.24489,20.964445,Low,0,nback
12,3,2021-09-10 16:19:46.500000+00:00,31.435438,24.105743,Low,0,nback
12,3,2021-09-10 16:20:01.500000+00:00,36.612907,27.857891,Low,0,nback
12,3,2021-09-10 16:20:16.500000+00:00,37.087185,30.626678,Low,0,nback
12,3,2021-09-10 16:20:31.500000+00:00,35.602707,32.119488,Low,0,nback
12,3,2021-09-10 16:20:46.500000+00:00,32.887024,32.349747,Low,0,nback
12,3,2021-09-10 16:21:01.500000+00:00,35.532955,33.30471,Medium,0,nback
12,3,2021-09-10 16:21:16.500000+00:00,30.263832,32.39245,Low,0,nback
12,3,2021-09-10 16:21:31.500000+00:00,29.30089,31.464981,Low,0,nback
12,3,2021-09-10 16:21:46.500000+00:00,30.83979,31.277424,Low,0,nback
12,3,2021-09-10 16:22:01.500000+00:00,33.0623,31.812885,Low,0,nback
12,3,2021-09-10 16:22:16.500000+00:00,30.383602,31.384102,Low,0,nback
12,3,2021-09-10 16:22:31.500000+00:00,32.665752,31.768597,Low,0,crt
12,3,2021-09-10 16:22:46.500000+00:00,29.873957,31.200207,Low,0,crt
12,3,2021-09-10 16:23:01.500000+00:00,25.78461,29.57553,Low,0,crt
12,3,2021-09-10 16:23:16.500000+00:00,27.07899,28.826567,Low,0,crt
12,3,2021-09-10 16:23:31.500000+00:00,41.20406,32.539814,Low,0,crt
12,3,2021-09-10 16:23:46.500000+00:00,45.13275,36.317696,Medium,0,nback
12,3,2021-09-10 16:24:01.500000+00:00,21.437586,31.853662,Low,0,nback
12,3,2021-09-10 16:24:16.500000+00:00,30.889112,31.564297,Low,0,nback
12,3,2021-09-10 16:24:31.500000+00:00,37.532887,33.354874,Medium,0,nback
12,3,2021-09-10 16:24:46.500000+00:00,27.020197,31.454472,Low,0,nback
12,3,2021-09-10 16:25:01.500000+00:00,30.620747,31.204353,Low,0,nback
12,3,2021-09-10 16:25:16.500000+00:00,32.962105,31.731678,Low,0,nback
12,3,2021-09-10 16:25:31.500000+00:00,26.77885,30.245829,Low,0,nback
12,3,2021-09-10 16:25:46.500000+00:00,23.836395,28.322998,Low,0,nback
12,3,2021-09-10 16:26:01.500000+00:00,32.32029,29.522184,Low,0,nback
12,3,2021-09-10 16:26:16.500000+00:00,32.08596,30.291317,Low,0,nback
12,3,2021-09-10 16:26:31.500000+00:00,31.52948,30.662766,Low,0,nback
12,3,2021-09-10 16:26:46.500000+00:00,29.081734,30.188457,Low,0,nback
12,3,2021-09-10 16:27:01.500000+00:00,20.412582,27.255695,Low,0,nback
12,3,2021-09-10 16:27:16.500000+00:00,19.555819,24.945732,Low,0,nback
12,3,2021-09-10 16:27:31.500000+00:00,23.997967,24.661402,Low,0,nback
12,3,2021-09-10 16:27:46.500000+00:00,25.573341,24.934984,Low,0,nback
12,3,2021-09-10 16:28:01.500000+00:00,18.883978,23.119682,Low,0,nback
12,3,2021-09-10 16:28:16.500000+00:00,34.96794,26.67416,Low,0,crt
12,3,2021-09-10 16:28:31.500000+00:00,31.844706,28.225323,Low,0,crt
12,3,2021-09-10 16:28:46.500000+00:00,29.301872,28.548286,Low,0,crt
12,3,2021-09-10 16:29:01.500000+00:00,21.124866,26.32126,Low,0,crt
12,3,2021-09-10 16:29:16.500000+00:00,27.916145,26.799726,Low,0,crt
12,3,2021-09-10 16:29:31.500000+00:00,22.479507,25.50366,Low,0,nback
12,3,2021-09-10 16:29:46.500000+00:00,23.478804,24.896204,Low,0,nback
